lang;default;EN
lang;code;en-EN
lang;culture_info;en-EN
general;export-graph;Export Graph
general;export-xml;Export .XLSX
general;export-graph-desc;Pick dates and export graph data as .PDF or .XLSX. Suitable to view in any table supporting platform.
general;percentage;{{value}}%
general;skip;Skip
general;language;Language
general;next;Next
general;userAgreement;User Agreement
general;kvkk;KVKK
general;iys;IYS
general;or;or
general;countries;Countries
general;search_countries;Search Country...
general;crop_list_title;Crop List
general;later;Later
general;save;Save
general;make_search;Search
general;previous;Previous
general;switch;Switch to
general;pick-date;Pick a date
general;pick-time;Pick a time
general;edit;Edit
general;cancel;Cancel
general;clear;Clear
general;save_changes;Save Changes
general;reset;Reset
general;warning;Warning
general;no;No
general;yes;Yes
general;empty-header;We encountered an unexpected problem
general;empty-content;Please try again later
general;refresh;Refresh
general;filter;Filter
general;yesterday;Yesterday
general;today;Today
general;tomorrow;Tomorrow
general;na;Undefined
general;no_internet_title;No internet connection
general;no_internet_desc;You must be connected to the internet to use the application.
general;retry_connection;Retry
general;fertilizer_list_title;Fertilizer Method List
general;irrigation_list_title;Irrigation List
general;spraying_list_title;Spraying list
general;submit;Submit
general;pdf;.Pdf
general;excel;Excel
general;file-type;File Type
general;crop_list;Crop List
general;crop-variety-list;Crop Variety List
general;city_title;City List
general;district_title;District List
general;village_title;Village List
general;confirm;Confirm
general;close_alert;Close Alert
general;device-update;Update device
general;image-not-available;Photos cannot be shared or exported
general;demo-version;You’re currently using demo version of PestTrap
general;error_on_image_delete;Your photo could not be deleted.
general;soil_list_title;Soil Type
general;data-unavailable;Data currently unavailable
general;ok;Ok
general;finish;Finish
general;apple-maps;Apple Maps
general;google-maps;Google Maps
general;yandex-maps;Yandex Maps
general;change-language;Change Language
general;search-crop;Search Crop
general;delete-anyway;Delete anyways
general;yes-sure;Yes, I am sure
general;cancel-remove;No, I don't want to remove it
general;cancel-delete;Don't delete it
general;select;Select
general;select-variable;Select a variable
general;get-started;Get started
general;all;All
general;license-regarding;Regarding your license
general;license-renew;I’d like to renew my license.
general;license-extend;No, don’t extend my license
general;license-contact;Thank you for your request, our team will contact you soon.
general;license-negative-message;Without renewing your license, you won't be able to get updated data
general;licence-email;Technical Support: support@doktar.com
general;license-phone;Telephone: +90 (850) 433 6477
general;license-ok;I got it
errors;login_not_valid;Please fill the required areas.
errors;device-data-not-available;Unable to access device data.
errors;user-already-exist;The phone number is already in use. Please check the information you entered and try again.
errors;phone-number-or-password-is-incorrect;Phone number or password is incorrect
errors;record-not-found;Record Not Found
errors;stage-date-must-be-less-than-next-stage-date;Stage date must be less than next stage date.
errors;record-already-exist;This stage is already added, please check the stage name.
errors;http_request_unexpected_error;We encountered an unexpected problem
errors;auth-error;
errors;email-already-used;e-Mail already used.
errors;stage-date-must-be-greater-than-previous-stage-date;Stage date must be greater than previous stage date.
errors;invalid-operation;It is not possible to trade in the demo field.
errors;timeline-crop-cannot-be-null-or-empty;Crop is required field
errors;timeline-id-cannot-be-null;Id is required field
errors;timeline-stage-cannot-be-null-or-empty;Stage is required field
errors;timeline-tempfarmattid-cannot-be-null-or-empty;Farm is required field
errors;flagsave-id-cannot-be-null;Id is required field
errors;flagsave-description-cannot-be-null-or-empty;Description is required field
errors;flagsave-title-cannot-be-null-or-empty;Title is required field
errors;flagsave-tempfarmattid-cannot-be-null-or-empty;Farm is required field
errors;flagsave-flag-date-cannot-be-null-or-empty;Flag Date is required field
errors;flagsave-lat-cannot-be-null-or-empty;Location is required field
errors;flagsave-lon-cannot-be-null-or-empty;Location is required field
errors;email-is-already-in-use;Email is already in use
errors;phonenumber-format-is-not-suitable;Phonenumber format is not suitable
errors;farm-geo-type-cannot-be-null-or-empty;Draw is required field
errors;farm-geo-type-must-be-Polygon-or-Point;Draw format is not suitable
errors;sowing-date-cannot-be-null-or-empty;Sowing date is required field
errors;sowing-date-less-than-harvest-date;The sowing date cannot be greater than the harvest date.
errors;harvest-date-cannot-be-null-or-empty;Harvest date is required field
errors;harvest-date-greater-than-sowing-date;Harvest date cannot be less than sowing date
errors;crop-cannot-be-null-or-empty;Crop is required field
errors;lat-cannot-be-null;locaiton is required field
errors;lon-cannot-be-null;Location is required field
errors;tempfarmattid-cannot-be-null-or-empty;Farm is required field
errors;flag-id-cannot-be-null-or-empty;Flag Id is required field
errors;description-cannot-be-null-or-empty;Description is required field
errors;incorrect-or-expired-password;Verification code you entered is incorrect.
errors;old-password-is-incorrect;The old password you entered is incorrect.
errors;password-has-not-expired;The last code sent is still active
auth;login;Login
auth;register;Register
auth;email_or_phone;Email or Phone Number
auth;password;Password
auth;login_succeed;Wellcome, again.
auth;login_not_valid;Please fill the required areas.
auth;enter_valid_email_or_phone;Please enter a valid email address or phone number.
auth;phone_number;Phone Number
auth;namesurname;Name Surname
auth;namesurname_validation_error;Must contain at least 2 words
auth;phone_validation_error;Enter a valid phone number
auth;email;Email
auth;email_validation_error;Enter a valid email address
auth;password_validation_error;Password must be min 6 character
auth;passwordCheck;Enter Password Again
auth;password_mismatch_error;Passwords are not the same
auth;register_agreements_item;I have read and agree to the <a class='btn_userAgreement'>User Agreement</a>, <a class='btn_kvkk'>Privacy Policy</a>, <a class='btn_iys'>MMS</a>
auth;register_btn;Register
auth;welcome-header;Welcome to IoTrack
auth;welcome-content;Control your fields’ health by tracking your PestTrap and Filiz devices
auth;lets-start;Let’s start!
auth;forgot-your-pass;Forgot your password?
auth;forget_password_title;Forgot Password
auth;forget_pass_desc;To reset your password, a code will be sent to your number.
auth;request_code_btn;Send Code
auth;enter_code_title;Enter the code
auth;enter_code_desc;Enter the code that was sent to the number ending with “{{number}}”
auth;confirm_btn;Confirm
auth;send_again;Send another code
auth;new_password;New Password
auth;new_password_desc;Enter a new password
auth;match_password;Passwords do not match
auth;password_again;Password Again
auth;success_change_password;Your password has been successfuly changed
auth;gotcha;Got it!
auth;kvkk;kvkk_en.html
auth;Kullanim_Kosullari_Kullanici_Sozlesmesi;Kullanim_Kosullari_Kullanici_Sozlesmesi_en.html
auth;CommercialElectronicMessage;CommercialElectronicMessage_en.html
auth;user_agreement;User Agreement
auth;commercial_electronic_message_agreement;Commercial Electronic Message Consent and Disclosures
auth;terms-of-use;IoTrack Terms of Use and User Agreement
auth;kvkk_header;Privacy Policy Terms
auth;aggrement_userpolicy_title;User Aggrement
auth;want-register;You haven't registered.Do you want to register?
auth;Privacy_Policy;privacy-policy_en.html
auth;privacy_agreement;Privacy Agreement
auth;social-register-info;Fill in the missing information below to continue.
auth;provide-social-type;This information was obtained from {{ socialType }}
auth;password_max_length_err;Password must contain a maximum of 14 characters
auth;welcome-desc;A single app for all your devices
auth;welcome-sub-desc;Monitor. Track. Analyze
auth;how-does-it-work;How does IoTrack work?
on-boarding;header-1;Track pests easily & spray on time
on-boarding;description-1;View PestTrap captures via your phone, get informed instantly about rises in the pest population.
on-boarding;header-2;Visualize the evolution of pest population in your field.
on-boarding;description-2;Analyze key metrics, view data over time, and summarize with graphs. Get insights for the whole season.
on-boarding;header-3;Monitor Soil and Weather Data Remotely and Take Action on Time
on-boarding;description-3;Filiz monitors the soil and weather conditions in your field and provides recommendations to optimize your irrigation, disease risk management, frost risk management and spraying decisions
on-boarding;header-4;View the Processed, and Interpreted Data
on-boarding;description-4;Check the graphs for all the measurements of the field, and examine all the records.
device-field-add;add-device;Add your device
device-field-add;select-device;Select your device
device-field-add;scan-code;Scan the QR code
device-field-add;look-code;Look behind the device to find the QR code
device-field-add;scan;Scan
device-field-add;enter-id-manually;Enter ID manually
device-field-add;qr-code;Place the QR code inside the rectangle above
device-field-add;device-id;Device ID
device-field-add;save;Save
device-field-add;add-your-field;Add your field
device-field-add;add-field-desc;Draw or search your field in this step
device-field-add;add-field;Add field
device-field-add;draw-field;Draw the field
device-field-add;parcel;Parcel Inquiry
device-field-add;saved-field-list;Select from Saved fields list
device-field-add;search;Search
device-field-add;select-field;Select field
device-field-add;pick-current-location;Pick my current location
device-field-add;add-field-information;Add field information
device-field-add;info-step;Enter your field information in this step
device-field-add;all-set;You’re all set!
device-field-add;save-success;Your device and field have successfully been added
device-field-add;start-pesttrapp;Start using PestTrap
device-field-add;pair-another-device;Pair another device
device-field-add;start-filiz;Start using Filiz
device-field-add;enter;Enter
device-field-add;welcome;Welcome!
device-field-add;demo-text;You can use the demo version of both devices to explore the app
device-field-add;try-pest-demo;Try PestTrap
device-field-add;try-filiz-demo;Try Filiz
device-field-add;pair-device;Have a device? Pair it now.
device-field-add;confirm-id;Confirm ID
device-field-add;8-char;Device ID must be 8 characters!
device-field-add;error-draw-header;The dots are not properly connected
device-field-add;back-drawing;Back to drawing
device-field-add;confirm-text;To confirm your drawing, connect the dots
device-field-add;confirm;Confirm
device-field-add;device-not-exist;The device is not registered to the system. Please try again with another device number.
add_field;find_field_title;Find Your Field
add_field;draw_farm;Draw the field
add_field;parcel_inquiry;Parcel Inquiry
add_field;saved_list;Select from Saved fields list
add_field;fly_my_current_location;Pick my current location
add_field;farm_save_title;Field Registration
add_field;farm_save_desc;Your field is average {{area}}. You can edit this information later.
add_field;farm_save_desc2;
add_field;farm_name_label;Field name
add_field;farm_name_required;Field name is required!
add_field;crop_name_label;Crop name
add_field;crop_required;Product selection is required!
add_field;crop_variety_name_label;Crop variety
add_field;sowing_date_Label;Sowing Date
add_field;harvest_date_Label;Harvest Date
add_field;save_farm;Save the field
add_field;succes_modal_title_guest;Nice Field!
add_field;success_modal_title;Nice Field!
add_field;succes_modal_desc_guest;We saved your field! You need to create an account to continue and view info specific to your field.
add_field;success_desc_title;We have successfully saved your field!
add_field;register_btn;Register
add_field;continue_as_guest;Continue as Guest
add_field;see_packages;View Plans
add_field;back_to_map;Back to Map
add_field;zoom_in_to_first_point;Zoom in on your field to add the first point.
add_field;add_other_clock_wise;Add the other points in clockwise or counterclockwise order. Do not intersect polygon boundaries.
add_field;touche_first_to_complete;Tap the first point to complete the drawing.
add_field;tap_drawing_to_update_or_reshape;You can activate editing by touching the drawing. Your field is now ready to save.
add_field;confirm_field_draw;Confirm Field
add_field;parsel_inquiry;Parcel Inquiry
add_field;city_lbl;City
add_field;district_lbl;District
add_field;village_lbl;Village
add_field;block_lbl;Block
add_field;parcel_lbl;Parcel
add_field;submit_request_btn;Submit Request
add_field;click_to_update_farm_borders;You can click to update borders.
add_field;sowing_date;Sowing Date
add_field;irrigation_name_label;Irrigation method
add_field;soil_name_label;Soil Type
add_field;farming_method;Farming Method
add_field;farming_method_required;Required field
add_field;update_farm;Update Farm
add_field;undefined;Undefined
add_field;parcel_not_found_title;Parcel not Found
add_field;parcel_not_found;Parcel not Found
add_field;inquiry_again_btn;Try to Inquiry Again
add_field;parcel_not_found_desc;Parcel does not found.
add_field;empty-header;No field data could be found
add_field;empty-content;Please check other data.
add_field;not-equal-date;Sowing date must be different from harvest date.
add_field;change-dates;Harvest Date must be greater than Sowing Date.
add_field;find_location;Use the search bar above as you have not granted location permission
add_field;lines_crossed_alert_desc;The edges of the field you draw intersect.
add_field;complete_drawing;Complete the Drawing
add_field;farm-save-desc;Your field is approx. {{area}}
add_field;farm-save-title-v2;Add field information
add_field;crop-information-title;Crop Information
months;january;January
months;february;February
months;march;March
months;april;April
months;may;May
months;june;June
months;july;July
months;august;August
months;september;September
months;october;October
months;november;November
months;december;December
crops;Marul;Lettuce
crops;Roka;Arugula
crops;Tere;Cress
crops;Karpuz;Watermelon
crops;Kavun;Melon
crops;Fasülye;Bean
crops;Elma;Apple
crops;Kiraz;Cherry
crops;Portakal;Orange
crops;Zeytin;Olive
crops;Ceviz;Walnut
crops;Patlıcan;Eggplant
crops;Buğday;Wheat
crops;Fiğ;Vetch
crops;Çilek;Strawberry
crops;Burçak;Bitter Vetch
crops;Bağ Kurutmalık;Raisin
crops;Ahududu;Raspberry
crops;Altıntop (Greyfurt);Grapefruit
crops;Anason;Anise
crops;Antepfıstığı;Pistachios
crops;Armut;Pear
crops;Arpa;Barley
crops;Aspir;Safflower
crops;Ayçiçeği;Sunflower
crops;Ayva;Quince
crops;Badem;Almond
crops;Bakla;Broad Bean
crops;Bamya;Okra
crops;Bezelye;Pea
crops;Börülce;Cowpea
crops;Brokkoli;Broccoli
crops;Çavdar;Rye
crops;Çeltik;Paddy
crops;Dereotu;Dill
crops;Dut;Mulberry
crops;Enginar;Artichoke
crops;Erik;Plum
crops;Filotu;Giant Miscanthus
crops;Haşhaş;Poppy
crops;Havuç;Carrot
crops;İğde;Silverberry
crops;İncir;Fig
crops;Ispanak;Spinach
crops;Kabak;Zucchini
crops;Kanola;Canola
crops;Karnabahar;Cauliflower
crops;Kayısı;Apricot
crops;Kayısı Kurutmalık;Dried Apricot
crops;Keçi Boynuzu;Carob
crops;Kekik;Thyme
crops;Kereviz;Celery
crops;Kestane;Chestnut
crops;Kimyon;Cumin
crops;Kivi;Kiwi
crops;Korunga;Sainfoin
crops;Sarımsak Kuru;Garlic
crops;Soğan Kuru;Onion
crops;Lahana;Cabbage
crops;Limon;Lemon
crops;Mandarin;Tangerines
crops;Maydanoz;Parsley
crops;Mercimek;Lentil
crops;Mürdümük;Grass Pea
crops;Muşmula;Medlar
crops;Nane;Mint
crops;Nar;Pomegranate
crops;Nohut;Chickpea
crops;Pamuk;Cotton
crops;Pazı;Chard
crops;Pırasa;Leek
crops;Şeftali;Peach
crops;Şekerpancarı;Sugar Beet
crops;Semizotu;Purslane
crops;Sorgum;Sorghum
crops;Soya Fasülyesi;Soybean
crops;Susam;Sesame
crops;Sarımsak Taze;Green Garlic
crops;Soğan Taze;Green Onion
crops;Trabzon Hurması;Persimmon
crops;Tritikale;Triticale
crops;Tütün;Tobacco
crops;Üçgül;White Clover
crops;Vişne;Cherry
crops;Yenidünya;Loquat
crops;Yerfıstığı;Groundnut
crops;Yonca;Alfalfa
crops;Yulaf;Oat
crops;Biber;Pepper
crops;Hıyar;Cucumber
crops;Patates;Potato
crops;Bağ Şaraplık;Grape Wine
crops;Bağ Sofralık;Grape
crops;Fındık;Hazelnut
crops;Nektarin;Nectarines
crops;Çay;Tea
crops;Mısır Silajlık;Corn Silage
crops;Barbunya;Kidney Bean
crops;Böğürtlen;Blackberry
crops;Acur;Armenian Cucumber
crops;Mısır Danelik;Corn
crops;Kuru soğan tohum;Onion Seed
crops;Soğan Arpacık;Potato Onions
crops;Şalgam;Turnip
crops;Şalgam Yemlik;Forage Turnip
crops;Fasülye Kuru;Haricot Bean
crops;Brüksel Lahanası;Brussels Sprouts
crops;Fasülye (2. Ürün);Beans (2.Planting)
crops;Muz;Banana
crops;Turp;Radish
crops;Çörek Otu;Black Cumin
crops;Şerbetçiotu;Hop
crops;Domates Sanayilik;Tomato Paste
crops;Domates Sofralık;Tomato
crops;Domates;Tomato
crops;Tatlı Mısır;Sweet Corn
crops;Tohumluk Mısır;Corn Seed
crops;Kinoa;Quinoa
crops;Pancar Kırmızı;Red Beet
crops;Mısır Cin (Patlak);Popcorn
crops;Çim;Grass
crops;Turşuluk Hıyar;Gherkin
crops;Patates Sanayilik;Potato Industry
crops;Seçiniz;Choose
crops;Ödemiş Mısır;Odemis Corn
crops;farm-not-sowing;No Field Planted
crops;Adaçayı;Sage
crops;Ağaç Kavunu;Citron
crops;Ahlat;Wild Pear
crops;Ak Üçgül;White Clover
crops;Alabalık;Trout
crops;Alıç;Hawthorn
crops;Altınçilek;Golden Strawberry
crops;Anaç manda;Broodstock
crops;Arapsaçı;Tangle
crops;Arı;Bee
crops;Armut Japon;Pear Japanese
crops;Arpa (Yeşil Ot);Barley (Green Grass)
crops;Avokado;Avocado
crops;Ayçiçeği Yağlık;Sunflower Oil
crops;Bakla (Kuru);Broad Bean
crops;Bakla Yemlik;Broad Bean Manger
crops;Bektaşi Üzümü;Gooseberry
crops;Bergamot;Bergamot
crops;Bezelye Yemlik;Pea Manger
crops;Biberiye;Rosemary
crops;Bol Salat;Plenty of Salat
crops;Bombus Arısı;Bumblebee
crops;Buğday (Yeşil Ot);Wheat (Green Grass)
crops;Buzağı;Calf
crops;Caramba Mix;Caramba Mix
crops;Cennet Elması;Heavenly Apple
crops;Ceviz Pikan;Walnut Pikan
crops;Cibes;Cibez
crops;Civanperçemi;Yarrow
crops;Çam Fıstığı;Pine Nuts
crops;Çavdar (Yeşil Ot);Rye (Green Grass)
crops;Çayır Üçgülü;Meadow Clover
crops;Çemen;Grass
crops;Çiğ Süt;Raw Milk
crops;Çok Yıllık Çim (Lolium Perenne);Perennial Grass
crops;Çöven;Çöven
crops;Dağ Çayı;Mountain Tea
crops;Damızlık Koç;Breeding Sheep
crops;Damızlık Teke;Bredding Goat
crops;Damızlık Tosun;Breeding Beef
crops;Defne;daphne
crops;Domuz Ayrığı;Swine
crops;Dulavrat Otu;Burdock
crops;Düve;Heifer
crops;Ebegümeci;Hibiscus
crops;Ejder Meyvesi;Dragon Fruit
crops;Ekinezya;Echinacea
crops;Endivyen;The Endivy
crops;Erik Japon;Plum Japanese
crops;Erik Papaz;Plum Pastor
crops;Fasülye Maş;Bean Mash
crops;Fesleğen;Basil
crops;Fiğ Macar;Vetch Hungarian
crops;Frambuaz;Raspberry
crops;Frenk Maydanozu;Chervil
crops;Frenk Üzümü;Red Currant
crops;Fresia;Freesia
crops;Gazal Boynuzu;Gazal Horn
crops;Gelincik;Poppy
crops;Gerbera;Gerbera
crops;Gilaburu;Gilaburu
crops;Glayöl;Gladiolus
crops;Gojiberry;Gojiberry
crops;Gül;Rose
crops;Hindiba;Chicory
crops;Hint Keneviri;Cannabis
crops;Hünnap;Jujube
crops;Hüsnüyusuf;Sweet William
crops;Isırgan Otu;Dead Nettle
crops;İnek;Cow
crops;İris;Iris
crops;İskenderiye Üçgülü;Alexandria Triangle
crops;İtalyan Çimi;Italian Grass
crops;Kabak Bal;Pumpkin Honey
crops;Kadife;Velvet
crops;Kamışsı Yumak;Cane Yarn
crops;Kamkat;Kumquat
crops;Kantaron;Centaury
crops;Karabuğday;Buckwheat
crops;Karanfil;Clove
crops;Karayemiş;Black Eaten
crops;Kartopu;Snowball
crops;Kasımpatı;Chrysanthemum
crops;Keçi;Goat
crops;Kenevir Lif;Hemp Fiber
crops;Keten Lif;Linen Fiber
crops;Keten Otu;Flax Grass
crops;Kılçıksız Brom;Fishbone Bromine
crops;Kızılcık;Cranberry
crops;Kişniş;Coriander
crops;Kohlraby;Kohlrabi
crops;Kop Salat;Kop Salat
crops;Koyun;Sheep
crops;Krizantem;Chrysanthemum
crops;Kudret Narı;Pomegranate Pomegranate
crops;Kuş Üzümü;Currants
crops;Kuşburnu;Rosehip
crops;Kuşkonmaz;Asparagus
crops;Kuzukulağı;Sorrel
crops;Labada;Labada
crops;Lale;Tulip
crops;Latin Çiçeği;Latin Flower
crops;Lavanta;Lavender
crops;Likarpa;Likarp
crops;Lilyum;Lilies
crops;Limon Grass;Lemongrass
crops;Lisanthus;Lisianthus
crops;Lolorosso;Lolorosso
crops;Lolorosso (Kırmızı);Lolorosso (Red)
crops;Lolorosso (Yeşil);Lolorosso (Green)
crops;Malak;Málaga
crops;Mango;Mango
crops;Mantar;Mushroom
crops;Melissa;Melissa
crops;Menekşe;Violet
crops;Mercanköşk;Marjoram
crops;Mısır Silajlık (Kuru);Corn Silage (Dry)
crops;Mısır Silajlık (Sulu);Corn Silage
crops;Midye;Mussel
crops;Mizuna;Mizuna
crops;Nadas;Fallow
crops;Nergiz;Calendula
crops;Nerine;Nerina
crops;Orkide;Orchid
crops;Ortanca;Hydrangea
crops;Otlak Ayrığı;Pasture Separation
crops;Pancar;Beet
crops;Papatya;Daisy
crops;Pepino;Pepino
crops;Petunya;Petunia
crops;Polorosso;Polorosso
crops;Radika;Radika
crops;Ranunculus (Düğün Çiçeği);Ranunculus (Buttercup)
crops;Rezene;Fennel
crops;Safran;Saffron
crops;Salep;Sahlep
crops;Sardunya;Sardinia
crops;Sığır;Beef
crops;Sıkleman Çiçeği;Flower
crops;Solidago (Altın Başak);Solidago (Goldenrod)
crops;Sorgum-Sudanotu Melezi;Sorghum-Sudanese Hybrid
crops;Statice;Statica
crops;Stevia;Stevie
crops;Sudan Otu;Sudanese Weed
crops;Sumak;Sumac
crops;Sümbül;Hyacinth
crops;Şebboy;Gillyflower
crops;Şevketibostan;Blessed Thistle
crops;Şiniklav;Siniklav
crops;Tangelo;Tangelo
crops;Tangor;Tango
crops;Tarçın;Cinnamon
crops;Tarhun;Tarragon
crops;Tatsoi;The Tatson
crops;Tohum (Kutu);Seed (Box)
crops;Tritikale (Yeşil Ot);Triticale (Green Herb)
crops;Turp Beyaz;Radish White
crops;Turunç;Bitter Orange
crops;Üvez;Rowanberry
crops;Yaban Mersini;Blueberries
crops;Yaban Orkidesi;Wild Orchid
crops;Yapay Çayır-Mera;Artificial Meadow-Pasture
crops;Yaş Koza;Age Cocoon
crops;Yem Baklası;Feed Pods
crops;Yeni Türler;New Species
crops;Yerelması;Topinambour
crops;Yonca (Kuru);Alfalfa (Dry)
crops;Yonca (Sulu);Alfalfa (Juicy)
crops;Yulaf (Yeşil Ot);Oats (Green Herb)
crops;Zahter;Zahter
crops;Zencefil;Ginger
crops;Zerdali;Zerdali
crops;Zeytinyağı;Olive Oil
crops;Sazan;Carp
crops;Oğlak;Goat
crops;Koç;Ram
crops;Teke;Billy
crops;Tosun;Bullock
crops;Fasülye (Kuru);Dry Beans
crops;Lolorosso (Kırmızı Yaprak);Lolorosso (Red-leaved)
crops;Lolorosso (Yeşil Yaprak);Lolorosso (Green-leaved)
crops;Pancar Yemlik;Fodder Beet
crops;Soğan Kuru (arpacık);Onion (Shallot)
crops;Stevia (Şeker otu);Stevia
crops;İpekböceği;Silkworm
crops;Manda;Mandate
crops;Ayçiçeği Çerezlik;Sunflower (Appetizers)
crops;Bakla Kuru;Fève sèche
crops;Boğadikeni;Eryngium
crops;Kadife Çiçeği;Tagetes
crops;Yabani Havuç;Daucus
crops;N/A;N/A
crops;Alabaş;Alabaster grass
crops;Çayır otu;Fescue
crops;Hardal otu;Leaf mustard
crops;Karabaş otu;Cassidony
crops;Karakafes otu;Comfrey
crops;Sakız ağacı;Mastic
crops;Menengiç;Terebinth
crops;Şevketi bostan;Blessed thistle
crops;Mahlep;Mahaleb
crops;Ihlamur;Linden
crops;Turp otu;Wild radish
crops;Darı;Panicum
crops;Kapari;Cappers
crops;Hurma;Date Palm
crops;Şeker kamışı;Molasses
crops;Frenk Soğanı;Chive
crops;Aronya;Chokeberry
crops;Hatmi;Epicalyces
crops;Kuzu kulağı;Stachys byzantina
crops;Kahve;Coffee
crops;Keten;Flax
crops;Palmiye;Palm
crops;Guava;Guava
crops;Hindistan cevizi;Coconut
crops;Goji Berry;Goji Berry
crops;Yer Elması;Yam
weather;%RH;%RH
weather;°C;°C
weather;Cloudy;Cloudy
weather;date;Date
weather;Drizzle;Drizzle
weather;Drizzle (probably);Drizzle (probable)
weather;empty-content;Please check other information.
weather;empty-header;Weather information not available.
weather;Hail;Hail
weather;Heavy Rain;Heavy Rain
weather;heavy-snow;Heavy Snow
weather;humidity;Humidity
weather;legend;Legend
weather;Light Rain;Light Rain
weather;light-snow;Light Snow
weather;medium-snow;Medium Snow
weather;Partly cloudy;Partly Cloudy
weather;precipitation;Precipitation
weather;Rain;Rain
weather;report;Precip
weather;status;Weather
weather;Storm;Storm
weather;sunrise;Sunrise
weather;sunset;Sunset
weather;temperature;Temperature
weather;time;Time
weather;Very cloudly;Very Cloudy
weather;wind;Wind
weather;no-data-header;No forecast available. Better late than never!
weather;no-data-text;Please check again in an hour.
weather;filter-no-data-header;Hmm.. we can't find any results
weather;filter-no-data-text;Don't worry! Why not try searching for other keywords?
wind-direction;0;Directions
wind-direction;1;South
wind-direction;2;South West
wind-direction;3;West
wind-direction;4;North West
wind-direction;5;North
wind-direction;6;North East
wind-direction;7;East
wind-direction;8;South East
wind-direction;1_s;S
wind-direction;2_s;SW
wind-direction;3_s;W
wind-direction;4_s;NW
wind-direction;5_s;N
wind-direction;6_s;NE
wind-direction;7_s;E
wind-direction;8_s;SE
unit;mm;mm
unit;km/h;km/h
unit;m/s;m/s
unit;inch;inch
unit;F;°F
unit;mph;mph
weather-status;Açık Hava;Clear Sky
weather-status;Alçak Sis;Low-Lying Fog
weather-status;Bulutlu/Arada Güneşli;Cloudy/Occasionally Sunny
weather-status;Güneşli;Sunny
weather-status;Güneşli/Dağınık Bulutlu;Sunny/Partly Cloudy
weather-status;Güneşli/Sağnak Yağmurlu;Sunny/Heavy Rain
weather-status;Hafif Yağmur;Light Rain
weather-status;Kar Sağnağı;Heavy Snow
weather-status;Kar Yağışlı;Light Snow
weather-status;Karla Karışık Yağmurlu;Rain and Snow
weather-status;Parçalı Bulutlu;Partly Cloudy
weather-status;Sağnak Yağmurlu;Heavy Rain
weather-status;Yıldırımlı;Thunderous
pesttrapp-home;welcome-back;Welcome back
pesttrapp-home;welcome-back-desc;Follow daily updates on your PestTrap
pesttrapp-home;battery;Battery
pesttrapp-home;network;Network
pesttrapp-home;status;Status
pesttrapp-home;on;On
pesttrapp-home;off;Off
pesttrapp-home;view-map;View on the map
pesttrapp-home;summary;Overview
pesttrapp-home;very good;Very Good
pesttrapp-home;good;Good
pesttrapp-home;low;Low
pesttrapp-home;very low;Very Low
pesttrapp-home;no-signal;No Signal
pesttrapp-home;;-
pesttrapp-home;pest-count-by-type;Pest Count by type
pesttrapp-home;last-catch-by-type;Last Catch by type
pesttrapp-home;sticky-trap;Sticky Trap
pesttrapp-home;last-change-date;Last change date
pesttrapp-home;change;Change
pesttrapp-home;pheromone-lure;Pheromone Lure
pesttrapp-home;expiration-date;Expiration date
pesttrapp-home;pest-type;Pest Type
pesttrapp-home;spraying;Spraying
pesttrapp-home;last-spraying-date;Last spraying date
pesttrapp-home;timeline;Timeline
pesttrapp-home;edit;Edit
pesttrapp-home;view;View
pesttrapp-home;pesttrapp-home;-
pesttrapp-home;empty-header;No device data could be found
pesttrapp-home;empty-content;
pesttrapp-home;last-one-day-catch;Last 1 Day Catch
pesttrapp-home;last-three-day-catch;Last 3 Day Catch
pesttrapp-home;last-five-day-catch;Last 5 Day Catch
pesttrapp-home;sticky-full-text;Trap is full, it may affect the pest count accuracy.
pesttrapp-home;sticky-almost-full-text;Trap is almost full, it may affect the pest count accuracy.
pesttrapp-home;preparing-image;Preparing the image...
pesttrapp-home;preparing-image-text;This process may take a moment. Thank you for your understanding.
spraying;empty-header;No spraying data could be found
spraying;empty-content;If you’ve have sprayed recently, please add by tapping on the button below
spraying;enter-date;Enter a date
spraying;view-suitable-hours;View Suitable Hours
spraying;spraying-date;Spraying Date
spraying;chemical-type;Chemical type
spraying;add-spraying;Add spraying date
spraying;add-desc;Date of your latest spraying
spraying;chemical-choice;Chemical type of your choice
spraying;add;Add
spraying;save-success;Your spraying data has successfully been added
spraying;;
spraying;choose-chemical-type;Please choose chemical type.
spraying;no-data;Add a date
sticky-trap;sticky-trap-changes;Sticky Trap Changes
sticky-trap;enter-date;Enter a date
sticky-trap;change-date;Change date
sticky-trap;not-available;Not available
sticky-trap;add;Add
sticky-trap;empty-header;No trap changes have been done
sticky-trap;empty-content;Add a trap change by tapping on the button below
sticky-trap;empty;Empty
sticky-trap;moderately-full;Moderately full
sticky-trap;half-full;Half full
sticky-trap;moderately-empty;Moderately empty
sticky-trap;too-full;Too full
sticky-trap;full;Full
sticky-trap;update-trap;Update Trap
sticky-trap;add-desc;Add the date of your trap renewal
sticky-trap;date-entered;Date entered
sticky-trap;save;Save
sticky-trap;change-trap;Change trap date
sticky-trap;no-data;Add a date
sticky-trap;save-success;Your sticky trap have successfully been added
sticky-trap;almost-full;Almost full
pheromone-lure;details;Last added Pheromone lure details
pheromone-lure;empty-header;No lure changes have been logged
pheromone-lure;empty-content;Enter a stage by tapping on the button below
pheromone-lure;add-lure;Add a lure
pheromone-lure;expiration-date;Expiration date
pheromone-lure;opened-on;Opened on
pheromone-lure;pheromone-status;Pheromone Status
pheromone-lure;add-pheromone;Add the info for your pheromone trap
pheromone-lure;change-pheromone;Change the info for your pheromone trap
pheromone-lure;placement-date;Placement Date
pheromone-lure;pheromone-type;Pheromone Type
pheromone-lure;pheromone-expiry-date;Pheromone Expiry Date
pheromone-lure;add;Add
pheromone-lure;bug-list;Pheromone Type List
pheromone-lure;save-success;Your pheromone lure data and insect type have successfully been added
pheromone-lure;date-warning;Expiry Date must be greater than Change Date. Please change your change date or expiry date.
pheromone-lure;choose-insect-type;Please choose insect type.
pheromone-lure;no-data;Add a date
pheromone-lure;date-err;The expiry date of the pheromone lure must be greater than the placement date.
pheromone-lure;change-pheromone-lure;Pheromone insertion date
farm-list;trap;<img src='../../../../../assets/images/feromon-device.png'> Paired to PestTrap
farm-list;filiz;<img src='../../../../../assets/images/filiz-device.png'> Paired to Filiz
farm-list;filiz-pro;<img src='../../../../../assets/images/filiz-device.png'> Paired to Filiz Pro
farm-list;view;View
farm-list;add-field;Add a Field
farm-list;search-farm;Search Field
farm-list;trap-title;PestTrap
farm-list;filiz-title;Filiz
farm-list;filiz-pro-title;Filiz-Pro
farm-list;filiz-mini-title;Filiz Mini
farm-list;imported-from;Imported from {{ importFarm }}
constants;Insecticide;Insecticide
constants;Herbicide;Herbicide
constants;Fungicide;Fungicide
constants;Organik;Organic
constants;Konvansiyonel;Conventional
constants;Sulamıyorum;Non-Irrigated Arable Land
constants;Yağmurlama;Sprinkler Irrigation
constants;Salma;Surface Irrigation
constants;Damla;Drip Irrigation
constants;Center Pivot;Center Pivot
constants;İnce Kumlu-Tınlı;Fine Sandy Loamy
constants;Killi-Tınlı;Clay Loam
constants;Kumlu-Killi-Tınlı;Sandy Clay Loam
constants;Kumlu-Tınlı;Sandy Loam
constants;Siltli-Killi-Tınlı;Silty Clay Loam
constants;Siltli-Killi;Silty Clay
constants;Siltli-Tınlı;Silt Loam
constants;Tınlı-Kumlu;Loamy Sand
constants;Tınlı;Loam
constants;Killi;Clay
constants;Kumlu;Sand
constants;Milli;Silt
constants;Asidik;Acidic
constants;Bazik;Alkaline
constants;Nötr;Neutral
constants;Milli-Killi;Silty Clay
constants;Default;Default
constants;Mantar;Fungus
constants;Böcek;Insect
constants;Besin Eksikliği;Nutrient Deficiency
constants;Su;Water
constants;Azot;Nitrogen
constants;Altyapı;Structure
constants;Virüs;Virus
constants;Fosfor Eksikliği;Phosphorus Deficiency
constants;Potasyum Eksikliği;Potassium Deficiency
constants;Çinko Eksikliği;Zinc Deficiency
constants;Magnezyum Eksikliği;Magnesium Deficiency
constants;Kalsiyum Eksikliği;Calcium Deficiency
constants;Demir Eksikliği;Iron Deficiency
constants;Bakır Eksikliği;Copper Deficiency
constants;Obruk;Pothole
constants;Dolu;Hail
constants;Damlatıcı Tıkanması;Dripper Blockage
constants;Su Öbeği;Water Heap
constants;Ekilmemiş Alan;Uncultivated Area
constants;Farklı Çeşit;Different Variety
constants;Gelişme;Vegetative Growth
constants;Meyve bağlama;Fruit Setting
constants;Diğer;Other
constants;Hastalık;Disease
constants;Sulama;Irrigation
constants;Yabancı Ot;Weed
constants;Zararlı;Pest
constants;null;N/A
constants;Göllendirme;Ponding
constants;Liquid Fertilizers;Liquid Fertilizers
constants;Organomineral Fertilizers;Organomineral Fertilizers
constants;Plant Growth Regulators;Plant Growth Regulators
constants;Solid Fertilizers;Solid Fertilizers
constants;5. yaprak;5. Leaf
constants;Filizlenme;Germination
constants;Başaklanma;Earing
constants;9. yaprak;9. Leaf
constants;Koçan oluşumu;Corncob Development
constants;Püsküllenme;Tassel Emergence
constants;3. gerçek yaprak;3. Leaf
constants;Koza oluşumu;Cotton Ball Development
constants;Kozanın açılması;Cotton Ball Opening
constants;Çimlenme;Germination
constants;3. yaprak;3. Leaf
constants;Tomurcuklanma;Budding
constants;Kapsülün oluşumu;Capsule Development
constants;Kapsül çizimi;Capsule Cut
constants;4. yaprak;4. Leaf
constants;Fide boyu 50 cm;Steam Reaches 50 cm
constants;Yaprak kırma;Harvest
constants;Çiçek tablası oluşumu;Flowerbud Development
constants;Dallanma;Ramificatin
constants;Yaprak oluşumu;Leaf Formation
constants;2. yaprak çifti;2. Leaf
constants;Tabla oluşumu;Receptacle Development
constants;6-10 Yaprak;6-10 Leaf
constants;Şaşırtma (fideleme);Seedling
constants;Gelişme dönemi;Vegetative Growth
constants;7. yaprak oluşumu;7. Leaf
constants;Yeniden büyüme;Regrowth
constants;Sürgün gelişme dönemi;Shoot Growth
constants;Çiçeklenme öncesi;Pre-Flowering
constants;Koza gelişim dönemi;Fruit Development
constants;İlk mahsul;First Crop
constants;Çiçek tomurcuğu oluşumu;Bud Development
constants;Son mahsul;Last Crop
constants;Olgunlaşma;Ripening
constants;Erkek çiçeklerin görülmesi;Bud Break
constants;Dişi çiçeklerin görülmesi;Female Flower Development
constants;Yapraklanma;Leafing
constants;Büyüme;Germination
constants;Yaprakların büyümesi;Leaf Growing
constants;Yaprakların çoğalması;Leaf Multiplication
constants;Çiçek sapı oluşumu;Flower Stem
constants;Yeni yaprakların görülmesi;New Leaf Presence
constants;Çiçek salkımı oluşumu;Raceme Development
constants;Çiçek gruplarının görülmesi;Raceme Development
constants;Salkım oluşumu;Raceme Development
constants;Tomurcukların kabarması;Bud Break
constants;Tomurcukların açılması;Bud Opening
constants;Çiçeklenme;Flowering
constants;Meyve oluşumu;Fruit Development
constants;Ekim Dikim;Planting
constants;Uyanma;Awakening
constants;N/A;N/A
constants;Ekim ;Planting
constants;Hasat;Harvest
constants;Sürme;Bud Break
constants;Ekim;Planting
constants;1. kesim;First Cut
constants;6. yaprak;6 Leaf
constants;Yüzeyde en fazla yapraklanma;Maximum Leaf
constants;Çiçeklenme dönemi;Flowering
constants;Çimlenme-Filizlenme;Germination
constants;Daneler irileşmeye başlayınca aralar tam kapanmadan;Berry Enlargement
constants;Daneler tatlanma döneminde;Berry Sugar Level Increase
constants;Gövdenin görünmesi;Stem Developement
constants;İlk gerçek yaprak çifti;First Leaf
constants;Kardeşlenme;Tillering
constants;Kol atma;Branching
constants;Sapa kalkma;Bolting
constants;Son kesim;Last Cut
constants;Sürgünler 25-30 cm boya ulaşınca;Shoots 25-30 cm
constants;Tane tutum ve irileşme dönemi;Setting
constants;Yaprak solgunluğu;Leaves Withering
constants;Yeşil olgunluk;Green Capsule
constants;Yeşil-sarı olgunluk;Brown Capsule
constants;Yumru oluşumu;Tuberization
constants;Yumruların şişmesi;Tuberization
constants;Harvest date;Harvest
constants;Sowing date;Sowing
constants;mm;mm
constants;ton/ha;ton/ha
constants;Traktör/Ekipman Hasarı;Tractor/Equipment Damage
constants;Hatalı İlaçlama;Incorrect Spraying
constants;Taşlı Alan;Stony Area
constants;Bakteri;Bacteria
constants;Su Eksikliği;Lack of Water
constants;Su Birikimi;Water Accumulation
constants;Geniş Yapraklı;Broadleaf
constants;Dar Yapraklı;Narrowleaf
constants;Hayvan;Animalfta
constants;Yavru oluşumu;Offspring Formation
constants;Belirtilmemiş;Unknown
constants;Sabit Debi;Bubbler Irrigation
timeline;add-stage;Add a stage
timeline;empty-header;No stages have been added yet
timeline;empty-content;Notice any changes on the field? Log it by tapping on the button below.
timeline;add-stage-date;Add stage date
timeline;add-desc;Date of your stage
timeline;stage-type;Stage type
timeline;save-success;Your timeline data has successfully been added
timeline;stage-name;Stage name
timeline;stage-date;Start date
timeline;current-stage;Current Stage
timeline;started-on;Started on
timeline;add-dates;Add dates
timeline;phenelogical-stages;Phenological Stages
timeline;not-specified;Not specified
timeline;not-selected;Not selected
timeline;stage-info;Stages are displayed chronologically
timeline;start-date;Estimated start date
timeline;date-for;Date for {{value}}
timeline;start-add-date;Start adding dates
timeline;stage-dates;Stage dates
timeline;dates-required;*Plantation and harvest dates are required.
timeline;of;of
timeline;finish-later;Finish later
timeline;done;Done
timeline;quit-save-title;Are you sure you want to go back without saving?
timeline;quit-save-desc;Quitting will revert any unsaved changes
timeline;back-to-stages;Back to stages
timeline;discard-changes;Discard changes
timeline;save-changes-title;Input your own stages
timeline;save-changes-desc;Phenological Stages feature allows you to add your own stages and easily view the progress of your crops
timeline;dates;Dates
timeline;save-success-desc;You can later update the estimated dates in the <b>Phenological Stages</b> page.
timeline;date-error;You cannot enter a date equal to or less than the date of the previous stage. Please select a different date.
timeline;must-be-between-sowing-and-harvest;The date you choose must be between sowing and harvesting.
detail;15;15 cm
detail;45;45 cm
detail;details;Details
detail;field-information;Field Information
detail;area;Area
detail;name;Name
detail;id;ID
detail;location;Location
detail;crop-information;Crop Information
detail;variety;Variety
detail;planted-on;Planted On
detail;harvest-by;Harvest by
detail;until-days;Days until Harvest
detail;days;days
detail;last-update;Last update
detail;cpu-temperature;CPU Temperature
detail;licence-expiration-date;Licence Expiration Date
detail;battery-status;Battery Status
detail;sensor-id;Sensor ID
detail;m2m;M2M #
detail;MSISDN;MSISDN
detail;IMEI;IMEI
detail;IMSI;IMSI
detail;ICCID;ICCID
detail;delete-field;Delete field
detail;device-information;Device Information
detail;farm-delete;Are you sure want to delete this field?
detail;farm-nearest;nearest
detail;sensor-selection;Sensor Selection
detail;sensor-selection-title;Soil Moisture Sensor Selection
detail;sensor-select-value;Please select the sensor for notification
detail;sensor-type;Sensor type
detail;45-sensor;45 cm Soil Moisture Sensor
detail;15-sensor;15 cm Soil Moisture Sensor
detail;sensor;Sensor
detail;sensor_notification_title;Sensor notifications updated
detail;sensor_notification_desc;Sensor at {{value}}cm level has been selected as default, your irrigation notifications will be sent accordingly.
detail;sensor_notification_err;There was an error while retrieving information
detail;remove-field;Remove Field
detail;shared-field-delete;Are you sure you want to delete your field{{ value }} ?
detail;delete-shared-field-desc;Deleting this field will cause it to be removed from other platforms,if any.
detail;cancel-delete;No, I don't want to delete it
detail;delete-success;Your field named {{value}} has been deleted.
detail;delete-imported-field-desc;The field will only be removed on this platform, you will continue to see it on {{ value }}
detail;imported-field-delete;Are you sure you want to remove your field {{ value }} ?
detail;deleted-field-title;Your field has been deleted.</br>
detail;deleted-field-desc;It's removed from other platforms too.
detail;removed-field-title;Your field has been removed.</br>
detail;removed-field-desc;It will continue to appear on {{value}}.
detail;not-selected;Not selected
detail;irrigation-method;Irrigation Method
detail;soil-type;Soil Type
detail;farming-method;Farming Method
detail;dashboard-dates;Dashboard Dates
detail;chilling-hours-date;Chilling Hours Date
detail;select-date;Select Dates
detail;harvested;Harvested
detail;save-changes-desc;Your changes has been saved. If something's not right, you can always change these dates in the <b>Field Details</b>
soil-sensor;30;30 cm
soil-sensor;SC1;45 cm
soil-sensor;SC3;15 cm
soil-sensor;SC3-sensor;15 cm Soil Moisture Sensor
soil-sensor;SC1-sensor;45 cm Soil Moisture Sensor
soil-sensor;sensor-notification-desc-SC1;Sensor at 45 cm level has been selected as default, your irrigation notifications will be sent accordingly.
soil-sensor;sensor-notification-desc-SC3;Sensor at 15 cm level has been selected as default, your irrigation notifications will be sent accordingly.
soil-sensor;45 cm-sensor;45 cm Soil Moisture Sensor
soil-sensor;15 cm-sensor;15 cm Soil Moisture Sensor
soil-sensor;30 cm-sensor;30 cm Soil Moisture Sensor
soil-sensor;60 cm-sensor;60 cm Soil Moisture Sensor
soil-sensor;sensor-notification-desc-15 cm;Sensor at 15 cm level has been selected as default, your irrigation notifications will be sent accordingly.
soil-sensor;sensor-notification-desc-45 cm;Sensor at 45 cm level has been selected as default, your irrigation notifications will be sent accordingly.
soil-sensor;SC5-sensor;30 cm Soil Moisture Sensor
soil-sensor;SC7-sensor;60 cm Soil Moisture Sensor
soil-sensor;SC5;30 cm
soil-sensor;SC7;60 cm
soil-sensor;sensor-notification-desc-30 cm;Sensor at 30 cm level has been selected as default, your irrigation notifications will be sent accordingly.
soil-sensor;sensor-notification-desc-60 cm;Sensor at 60 cm level has been selected as default, your irrigation notifications will be sent accordingly.
bug;SalkimGuvesi;European Grapevine Moth
bug;ElmaIcKurdu;Codling Moth
bug;ZeytinGuvesi;Olive Moth
bug;DomatesGuvesi;Tomato Leafminer
bug;CicekTripsi;Western Flower Thrips
bug;PatatesGuvesi;Potato Tuber Moth
bug;PamukPembeKurt;Pink Bollworm
bug;PamukYaprakKurdu;African Cotton Leafworm
bug;YesilKurt;Cotton Bollworm
bug;HarnupGuvesi;Locust Bean Moth
bug;DoguMeyveGuvesi;Oriental Fruit Moth
bug;ElmaYaprakBukeni;European Leaf Roller
bug;AkdenizMeyveSinegi;Mediterranean Fruit Fly
bug;ZeytinSinegi;Olive Fruit Fly
bug;KizilAgacKurdu;Carpenter Moth
bug;LimonCicekGuvesi;Citrus Flower Moth
bug;KirazSinegi;Cherry Fruit Fly
bug;SeftaliGuvesi;Peach Twig Borer
bug;ErikIcKurdu;Red Plum Maggot
bug;SariAgacKurdu;Leopard Moth
bug;ElmaGovdeKurdu;Red-Belted Clearwing
bug;BaklaZinni;Apple Blossom Beetle
bug;KirmiziPalmiyeBocegi;Red Palm Weevil
bug;KuruMeyveGuvesi;Indian-Meal Moth
bug;DegirmenGuvesi;Mediterranean Flour Moth
bug;TatliKurt;Cigarette Beetle
bug;ArpaGuvesi;Angoumois Grain Moth
bug;BugdayBiti;Grain Weevil
bug;ElbiseGuvesi;Clothes Moth
bug;GoknarBuyukKabukBocegi;Fir Engraver Beetle
bug;YatayDisliGoknarKabukBocegi;Bark Beetle
bug;AkdenizCamKabukBocegi;Mediterranean Pine Beetle
bug;OnikiDisliCamKabukBocegi;Six-Toothed Bark Beetle
bug;CamSurgunBukucusu;European Pine Shoot Moth
bug;CamKeseBocegi;Pine Processionary Moth
bug;CamKulturHortumluBocegi;Small Banded Pine Weevil
bug;KucukOrmanBahcivani;Lesser Pine Shoot Beetle
bug;BuyukOrmanBahcivani;Common Pine Shoot Beetle
bug;AkdenizOrmanBahcivani;Mediterranean Pine Shoot Beetle
bug;AltiDisliCamKabukBocegi;Engraver Beetle
bug;KucukGoknarKabukBocegi;Small Fir Bark Beetle
bug;FindikDalkiran;Pear Bright Beetle
bug;SekizDisliCamKabukBocegi;Eight-Toothed Bark Beetle
bug;AltinGozluBocek;Common Green Lacewing
bug;TutunTripsi;Tobacco Thrips
bug;TutunBeyazsinegi;Tobacco Whitefly
bug;SeraBeyazsinegi;Greenhouse Whitefly
bug;TuruncgilBeyazsinegi;Citrus whitefly
bug;Ari;Bee
bug;SoganSinegi;Onion Fly
bug;TutunBeyazSinegi;Tobacco Whitefly
bug;SeraBeyazSinegi;Greenhouse Whitefly
bug;TuruncgilBeyazSinegi;Citrus Whitefly
bug;Cisim;Other
bug;MisirKocanKurdu;Mediterranean Corn Stalk Borer
bug;Sinek;Fly
bug;Feromon;Pheromone
bug;Tanimsiz;Unidentified
bug;AkdikenYaprakbukeni;Brown Oak Tortrix
bug;AntepfistigiDalGuvesi;Pistachio Twig Borer
bug;AtKestanesiYaprakOyucusu;Horsechestnut Leafminer
bug;AvrupaCamGuvesi;Pine-Tree Lappet
bug;AvrupaTahilGuvesi;European Grain Moth
bug;AycicegiGuvesi;Sunflower Moth
bug;Ayvaİckurdu;Quince Moth
bug;BatiMisirKokkurdu;Western Corn Rootworm
bug;BenekliSapKurdu;Spotted Stem Borer
bug;BezelyeKapsulKurdu;Pea Moth
bug;Bozkurt;Turnip Moth
bug;CaliantenliCamYaprakarisi;Common Pine Sawfly
bug;CamGuvesi;Pine Beauty Moth
bug;CamTekebocegi;Pine Sawyer Beetle
bug;DepoBocekleri;Skin Beetles
bug;DikenliKurt;Egyptian Stem Borer
bug;DisliBocek;Merchant Grain Beetle
bug;DouglasGoknarıKabukbocegi;Douglas-Fir Beetle
bug;DutKabukluBiti;Mulberry Scale
bug;EkmekBocegi;Drugstore Beetle
bug;ElmaGuvesi;Apple-fruit Moth
bug;ElmaYaprakGaleriGuvesi;Spotted Tentiform Leafminer
bug;GamaliKelebek;Silver Y
bug;GoknarSurgunKelebegi;European Fir Budworm
bug;GüzTirtili;Fall Armyworm
bug;İncirKurdu;Almond Moth
bug;Kabukbocegi;Black Hills Beetle
bug;KahverengiKokarcaBocegi;Brown Marmorated Stink Bug
bug;KanadiNoktaliSirkeSinegi;Spotted Wing Drosophila
bug;KaraagacYaprakbukeni;Variegated Golden Tortrix
bug;KavakKelebegi;Poplar Clearwing Moth
bug;KirazCicegiGuvesi;Cherry Fruit Moth
bug;KirmaBiti;Confused Flour Beetle
bug;KirmiziTomurcukTirtili;Bud Moth
bug;Kirtirtili;Gypsy Moth
bug;KisGuvesi;Winter Moth
bug;KucukMeyveGuvesi;Appleseed Moth
bug;KusuzumuOyucusu;Currant Clearwing
bug;LahanaGuvesi;Cabbage Moth
bug;LahanaYaprakguvesi;Diamondback Moth
bug;MeyveYaprakbukucusu;Rhomboid Tortrix
bug;MisirdaPamukKurdu;Cotton Leafworm
bug;MisirKurdu;European Maize Borer
bug;MisirYuvarlakKurdu;Corn Earworm
bug;PamukCizgiliYaprakKurdu;Beet Armyworm
bug;PirasaGuvesi;Leek Moth
bug;PirincBiti;Rice Weevil
bug;PolifagYaprakBukucusu;Grey Red-Barred Twist
bug;PortakalGuvesi;Honeydew Moth
bug;RecineKelebegi;Pine Tip Moth
bug;SedirKabukBocegi;-
bug;TestereliBocek;Saw-Toothed Grain Beetle
bug;TomurcukTirtili;Apple Brown Tortrix
bug;TutunGuvesi;Cacao Moth
bug;TutunTomurcukKurdu;Oriental Tobacco Budworm
bug;Unakari;Flour Mite
bug;UnBiti;Red Flour Beetle
bug;Yaprakyapistiran;Summer Fruit Tortrix
bug;YaprakYesiltirtili;Bud Moth
bug;YesilTirtil;Clouded Drab
bug;Asyagergedanbocegi;Asiatic Rhinoceros Beetle
bug;null;Null
bug;no-type;Add type
bug;Palmiye;Palm
bug;Cekirge;Grasshopper
bug;SigaraBocegi;Cigarette beetle
bug;AgustosBocegi;Cicada
bug;KahverengiKokarca;Brown Skunk
bug;Dalkiran;Dalkiran
history;0;S
history;1;D
history;7;W
history;30;M
history;header;History
history;analysis;Analysis
history;export;Export
history;share;Share
history;filter;Filter
history;Daily-Hourly;D
history;Weekly;W
history;Monthly;M
history;Season;S
history;Yearly;Y
history;Half-Yearly;6M
history;all-pest-count;All pest count
history;trap-change;Trap change
history;pest-with-count;{{number}} pests
history;photos;Photos
history;average;Average
history;total;Total
history;pheromone-change;PHEROMONE CHANGE
history;sticky-trap-change;STICKY TRAP CHANGE
history;changes-with-count;{{number}} changes
history;day;Day
history;month;Month
history;year;Year
history;reset-all;Reset all
history;include-pest;Select Pest Types
history;10-pests-capture;More than 10 pest captures in the photo
history;apply;Apply
history;pests;Pests
history;select;Select
history;selected-item;{{ number }} item selected
history;between-these-days;Select Dates
history;to;to
history;pest-types;Pest Types
history;reset;Reset
history;pest-count;Pest Count
history;delta;Delta
history;cumulative;Cumulative
history;show;Show
history;ChangeFeromon;PHEROMONE CHANGE
history;ChangeTrap;STICKY TRAP CHANGE
history;IsHighPestDate;HIGH PEST DATE
history;date;Date
history;empty-chart;No data to display at this time.
 Please check back later
history;Daily;D
history;table;Table
history;graph;Graph
history;analysis-date;Analysis Date
history;AirHumidity;Air Humidity
history;SoilSurfaceHumidity;Soil Surface Humidity
history;UnderSoilHumidity;Soil Mois. 15 cm
history;UnderSoilHumidity1;Soil Mois. 45 cm
history;AirTemperature;Air Temperature
history;SoilSurfaceTemperature;Soil Surface Temp.
history;UnderSoilTemperature;Soil Temperature
history;WDS;Wind Speed
history;RC;Precipitation
history;LI;Light Intensity
history;ChillingHours;Chilling Hours
history;time;Time
history;table-no-data;There seems to be no data available for the selected date. Try another date to view the relevant data.
history;remove;Remove
history;success-photo-save;Your photos have been successfully saved to your gallery.
history;failed-photo-save;An error occurred while saving your photos.
history;album-name;PestTrap
history;ETc;ETc
history;LWD;Leaf Wetness Duration
history;SC1;45 cm
history;SC3;15 cm
history;SC5;30 cm
history;SC7;60 cm
history;select-pest-type;Select a pest type
history;showing-graphs;Showing graphs for
history;empty-data-text;There is no data to show yet.
history;lastValue;Cumulative Value
history;LW;Leaf Wetness
history;ChillingStd;Chilling Hours
history;Evapotransporation;Evapotranspiration
history;AirHumidityTop;Air Humidity
history;AirTemperatureTop;Air Temperature
history;AirHumidityBottom;Soil Surface Humidity
history;AirTemperatureBottom;Soil Surface Temperature
history;SoilHumidity;Soil Humidity
history;SoilTemperature;Soil Temperature
history;device-off;Device Off
history;one-element-array;There is not enough data to produce a graph.
history;PestCount;Pest Count
filiz-home;welcome-back;Welcome back
filiz-home;latest-updates;Latest updates
filiz-home;wind-speed;Wind Speed
filiz-home;precipitation;Precipitation
filiz-home;light-intensity;Light Intensity
filiz-home;air-humiditiy;Air Humiditiy
filiz-home;temperature;Air Temperature
filiz-home;soil-humidity;Soil Moisture
filiz-home;soil-temperature;Soil Temperature
filiz-home;no;No Risk
filiz-home;low;Low Risk
filiz-home;high;High Risk
filiz-home;fungus-risk;Fungus Risk
filiz-home;soil-moisture;Soil Moisture
filiz-home;gdd;GDD
filiz-home;chilling-hours;Chilling Hours
filiz-home;windstorm-risk;Windstorm Risk
filiz-home;rainfall-risk;Rainfall Risk
filiz-home;frost-risk;Frost Risk
filiz-home;inadequate;Inadequate
filiz-home;adequate;Adequate
filiz-home;std;Std.
filiz-home;utah;UTAH
filiz-home;nc;NC
filiz-home;sensor-history;Sensor History
filiz-home;AirHumidity;Air Humidity is a humidity value measured by Filiz’s top air sensor
filiz-home;view-sensor-history;View sensor history
filiz-home;select-graph-type;Select graph type:
filiz-home;start-date;Start date
filiz-home;end-date;End date
filiz-home;results;Results
filiz-home;select-period;Select period:
filiz-home;daily;Daily
filiz-home;hourly;Hourly
filiz-home;expand;Expand
filiz-home;min;Min
filiz-home;avg;Avg
filiz-home;max;Max
filiz-home;AirTemperature;Air Temperature
filiz-home;very_dry;<10
filiz-home;over_moisture;>50
filiz-home;soil-humiditiy-45;Soil Mois. 45cm
filiz-home;soil-humiditiy-15;Soil Mois. 15cm
filiz-home;soil-surface-humidity;Soil Surface Humidity
filiz-home;soil-surface-temp;Soil Surface Temperature
filiz-home;daily-etc;Daily ETc
filiz-home;mm-day;mm/day
filiz-home;hours;hours
filiz-home;leaf-wetness-duration;Leaf Wetness Duration
filiz-home;dew-point;Dew Point
filiz-home;soil-Humidity;Soil Mois.-
filiz-home;soil-humiditiy-30;Soil Mois. 30cm
filiz-home;soil-humiditiy-60;Soil Mois. 60cm
filiz-home;etc;ETc
filiz-home;ten-days;10 Days
filiz-home;mm;mm
filiz-home;new-measurement-title;More from the fields!
filiz-home;new-measurement-desc;You can now track Dew Point,Evapotranspiration and Leaf Wetness updates from the Update Cards.
filiz-home;new-measurement-button;Nice, got it
filiz-home;set-date;Set dates
filiz-home;choose-date;Choose default dates
filiz-home;chilling-set-date-title;Pick the dates that Chilling Hours will be based upon. This can be changed later in <b>Field Details</b>
filiz-home;gdd-set-date-title;Pick the Plantation and harvest dates of your field. This can be changed later in <b>Field Details</b>
filiz-home;set-and-done;All set and done!
filiz-home;chilling-desc;Chilling hours start date has been set to <b>{{value}}</b>. If something's not right, you can always change this date in the <b>Field Details</b>
filiz-home;gdd-desc;Plantation date has been set to <b>{{startDate}}</b> and Harvest date has been estimated to <b>{{endDate}}</b>. If something's not right, you can always change this date in the <b>Field Details</b>
filiz-home;got-it;Got it!
filiz-home;plantation-date;Plantation Date
filiz-home;estimated-date;Estimated Harvest Date
filiz-home;loading;Loading
filiz-home;set-date-soil-moisture;Add information
filiz-home;out of season;Out of season
filiz-home;unavailable;Model unavailable
filiz-home;under-protection;Under Protection
filiz-home;chilling-not-available-date;Chilling Hours is not available for this date.
recommendation;0;season
recommendation;7;week
recommendation;30;month
recommendation;header;Recommendation
recommendation;disease;Disease
recommendation;irrigation;Irrigation
recommendation;legend;Legend
recommendation;risk-status;Risk Status
recommendation;view-as-graph;View as a graph
recommendation;view-as-table;View as a table
recommendation;days-with-disease;Days with disease
recommendation;high-risk;High risk represent.Please spray as soon as possible
recommendation;spraying;Spraying
recommendation;view-past-sprayings;View past sprayings
recommendation;view-sprayings;View sprayings
recommendation;view-irrigations;View irrigations
recommendation;view-suitable-hours;View Suitable Hours
recommendation;add-spraying;Add Spraying
recommendation;HR;HR
recommendation;LR;LR
recommendation;NR;NR
recommendation;NA;N/A
recommendation;SP;SP
recommendation;available-not-active;Model for this disease is available, but not active due to the timing of the season.
recommendation;read-about;Read about
recommendation;empty-title;How do our disease models work?
recommendation;empty-desc;For the disease models to work, please add present phenelogical stages.
recommendation;add-stages;Add stages
recommendation;prepare-model;Preparing the model...
recommendation;irrigation-title;Important for irrigation models
recommendation;irrigation-desc;Add soil type to see the Irrigation Status
recommendation;add-info;Add information
recommendation;empty-desc-for-disease;For the disease models to work, please add {{list}}
recommendation;add-new-stages;Add new stages
recommendation;harvest-done;Harvest is done...
recommendation;harvest-done-desc;Your harvest date has passed, add new planting and harvest dates to continue working with the model.
profile;profile;Profile
profile;profile-desc;Change your profile information
profile;notification;Notifications
profile;notification-desc;Adjust your notification settings
profile;devices;My devices
profile;devices-desc;View and configure your devices
profile;settings;Settings
profile;settings-desc;Configure your application settings
profile;pest-chemical;Pest & Chemical Library
profile;pest-chemical-desc;About types of pest and chemicals
profile;faq;FAQ
profile;faq-desc;Find answers to your questions
profile;support;Support
profile;ask-agronomist;Ask an Agronomist
profile;error-log;Error Log
profile;error-log-desc;Submit your error logs for inspection
profile;version;Version {{version}}
profile;add-device;Add a device
profile;search-text;Type an Id or name...
profile;save;Save
profile;change-profile-photo;Change Profile Photo
profile;name-surname;Name Surname
profile;e-mail;E-mail
profile;age;Age
profile;city;City
profile;birth-date;Birth Date
profile;change-password;Change Password
profile;language;Language
profile;unit;Unit
profile;general;General
profile;agreements;Agreements
profile;user-agreement;Terms and Conditions and User Agreement
profile;personal-data;Privacy Policy
profile;electronic-message;Commercial Electronic Message Consent and Disclosures
profile;units;Units
profile;new_password_desc;Your password must be at least 6 and maximum 14 characters
profile;old-password;Old Password
profile;all-notifications;All Notifications
profile;ask-expert;Ask the Expert
profile;training-request;Training Request
profile;device-list;Device List
profile;user-manual;User Manual
profile;log-out;Log Out
profile;logout_alert_btn_confirm;Log out
profile;logout_alert_btn_cancel;Cancel
profile;logout_alert_title;Are you sure want to log out?
profile;questions;Questions
profile;you;You
profile;sent;Sent
profile;open;OPEN
profile;closed;CLOSED
profile;new-message;New message
profile;ask-the-expert;Ask the expert
profile;question-empty-header;You haven’t asked any questions yet
profile;question-empty-content;Tap the button below to ask your first questions.
profile;ask;Ask
profile;request-training-session;Request a training session
profile;device-id;Device ID(s)
profile;send-request;Send request
profile;pick-time-capture;Pick a time to capture
profile;active;Active in
profile;passive;Passive in
profile;device-empty-header;You haven’t added any devices
profile;device-empty-content;Tap the button on the top right to add a device
profile;type-id-name;Type an ID or name...
profile;pest-species;Pest Species
profile;last-pheromone-lure-change;Last pheromone lure change
profile;network-priority;Network Priority
profile;trap;PestTrap
profile;filiz;Filiz
profile;filiz-pro;Filiz Pro
profile;id;ID:
profile;last-sticky-change;Last sticky trap change
profile;license-expiration-date;Licence Expiration Date
profile;resolution;Resolution
profile;trap-photo-capture-time;Trap Photo Capture Time
profile;empty-header;You haven’t added any devices
profile;empty-content;Tap the button on the top right to add a device
profile;close-question;Close question
profile;concluded;This chat has been concluded
profile;weather;Weather
profile;agricultural;Agricultural
profile;other;Other
profile;success-save;Profile information saved successfully
profile;delete-account;Delete My Account
profile;delete-account-alert;You will lose the data in your account. Do you still want to delete your account?
profile;filiz-mini;Filiz Mini
profile;user-manual-desc;View device and app user manual
unit_pref;area_lbl;Area
unit_pref;temperature_lbl;Temperature
unit_pref;speed_lbl;Speed
unit_pref;rainfall_lbl;Rainfall
unit_pref;kmh;km/h
unit_pref;km/h;km/h
unit_pref;mph;mil/h
unit_pref;m/s;m/h
unit_pref;da;da
unit_pref;ha;ha
unit_pref;ac;ac
unit_pref;dekar;da
unit_pref;hektar;ha
unit_pref;acre;ac
unit_pref;C;°C
unit_pref;F;°F
unit_pref;mm;mm
unit_pref;inch;inch
unit_pref;%RH;%RH
unit_pref;h;h
unit_pref;W/m2;W/m2
unit_pref;%;%
unit_pref;#;#
disease-legend;unknown;Disease model available but not active.
disease-legend;no-risk;No fungus risk has been detected.
disease-legend;low-risk;Preliminary conditions achieved no spraying required.
disease-legend;high-risk;Disease condition met, spray immediately.
disease-legend;spraying;You have sprayed, crop under protection.
spraying-hours;header;Spraying Hours
spraying-hours;today;Today
spraying-hours;tomorrow;Tomorrow
spraying-hours;description;For spraying, choose the times that coincide with the green parts.
spraying-hours;suitable;Suitable
spraying-hours;risky;Risky
spraying-hours;done;Done
spraying-hours;disease-model-not;DISEASE MODEL NOT AVAILABLE FOR THIS CROP
spraying-hours;add-timeline-warning;For the disease models to work, please add present phenological stage information on your home page.
spraying-hours;take-me-home;Take me home
map-filter;sudden-increase-fields;Sudden Pest Increase Fields
map-filter;frost-risk-status-fields;Frost Risk Status Fields
map-filter;disease-risk-fields;Disease Risk Status Fields
map-filter;harvest-season-fields;Harvest Season Fields
map-filter;scouting-notes-fields;Scouting Notes Fields
map-filter;trap-fields;PestTrap Fields
map-filter;filiz-fields;Filiz/Filiz Pro Fields
map-filter;how_to_add_note_lbl;To add a note to your field, press and hold a point within the field borders for 2 seconds.
farm-map;add-field;Add a Field
farm-map;add-new-field;Add a new field
farm-map;import-field;Import a Field
farm-map;no-filter-array;You do not have a field that matches the relevant filter rule.
tools;irrigation_lbl;Irrigation
tools;scouting_notes_lbl;Scouting Notes
tools;spraying_hours_lbl;Spraying Hours
tools;yield_calculation_lbl;Yield Calculation
tools;got_it_btn;OK, got it!
tools;yield_calc_coming_soon;You will soon be able to use Yield Calculation.
tools;coming_soon;Soon!
tools;description;Description
tools;notes_opts_edit;Edit
tools;notes_opts_share;Share
tools;notes_opts_delete;Delete
tools;notes_delete_current_note;Yes, delete it
tools;notes_dont_want_to_delete;No, don't delete it
tools;notes_delete_note_title;Are you sure you want to delete this note?
tools;how_to_add_note_lbl;To add a note to your field, press and hold a point within the field borders for 2 seconds.
tools;scouting_notes_title;Scouting Notes
tools;scouting_notes_desc;With Scouting Notes, mark and take notes on potential problems that catch your eye on the Health Map. You can view the point you marked in the map applications and easily reach the problem area. You can share this note with others along with the location you marked. You can also easily add a note while in the field.
tools;irrigation_title;Irrigation
tools;irrigation_desc;After adding your info in our irrigation program, you can create an irrigation schedule and see how soil water content changes over time.
tools;spraying_hours_title;Spraying Hours
tools;spraying_hours_desc;Spraying Hours shows the available times to spray your field.
tools;yield_calculation_title;Yield Calculation
tools;yield_calculation_desc;Stay tuned for Yield Calculation!
add_note;notes_cancel;Cancel
add_note;notes_next;Next
add_note;notes_marker_must_be_in_farm;You must add the note within the field borders
add_note;add_note_title;Add Note
add_note;add_note_subtitle;Details
add_note;title_placeholder;Title
add_note;date_placeholder;
add_note;problem_lbl;Problem
add_note;tags_lbl;Tags
add_note;description_placeholder;Description*
add_note;info_lbl_1;Mark the location of your note on the field
add_note;save_and_send_to_engineer;Ask the expert
add_note;submit;Submit
add_note;error_on_note_save;An error occurred while saving the note.
add_note;error_on_photos_save;Note saved. However, an error occurred while uploading your photos.
add_note;check_add_ons_btn;View Plans
add_note;go_back_btn;Go Back
add_note;buy_add_on_to_add_more;To add multiple notes, you must upgrade your plan.
add_note;cannot_add_note_alert_title;Add Note
add_note;info_lbl_update_1;You can change the location of the note if needed.
add_note;no-data;You can add a new note within your field borders by pressing and holding for 2 seconds.
add_note;got-it;Got it!
add_note;delete-photo;Are you sure want to delete this photo?
error-log;submit-error-log;Submit an error log
error-log;device-id;Device ID*
error-log;upload-media;Upload media
error-log;upload-media-desc;You may include voice recordings, video or image files
error-log;description;Description
error-log;select-error-type;Select an error type
error-log;application;Application
error-log;device;Device
error-log;save-send;Save & Send
error-log;add-more;Add more
error-log;empty-header;No errors have been submitted yet
error-log;empty-content;Submit an error by tapping on the button below
error-log;add-error;Add an error
error-log;error-log;Error Log
error-log;error;Error #
error-log;add;Add New
error-log;required-desc;Please enter description
error-log;required-device;Please select device
error-log;failed;There was a problem during registration. Please check the information and try again.
media-options;camera;Camera or Gallery
media-options;video;Video record
media-options;audio;Voice record
media-options;select-media-type;Choose a media type
filiz-history;pick-variables;Pick variables to show
filiz-history;select-graph-show;Select graph to show
filiz-history;clear-all;Clear all
filiz-history;select-all;Select All
filiz-history;temperature;Temperature
filiz-history;air-temperature-top;Air Temperature
filiz-history;air-temperature-bottom;Soil Surface Temperature
filiz-history;soil-temperature;Soil Temperature
filiz-history;humidity;Humidity
filiz-history;air-humidity-top;Air Humidity
filiz-history;air-humidity-bottom;Soil Surface Humidity
filiz-history;soil-humidity;Soil Mois. 45cm
filiz-history;gdd-unit;GDD Unit
filiz-history;chilling-hours;Chilling Hours
filiz-history;frost;Frost
filiz-history;derivative;Derivative
filiz-history;clear;Clear
filiz-history;light-intensity;Light Intensity
filiz-history;precipitation;Precip
filiz-history;wind-speed;Wind Speed
filiz-history;show;Show
filiz-history;pro-variables;Pro variables
filiz-history;avg;AVG
filiz-history;min;MIN
filiz-history;max;MAX
filiz-history;soil-humidity-top;Soil Mois. 15cm
filiz-history;null;N/A
filiz-history;sum;SUM
filiz-history;nc;NC
filiz-history;std;STD
filiz-history;utah;UTAH
filiz-history;total;Total
filiz-history;temp-top;Air Temperature
filiz-history;temp-bottom;Soil Surface Temperature
filiz-history;humidity-top;Air Humidity
filiz-history;humidity-bottom;Soil Surface Humidity
filiz-history;soil-moisture-15;Soil Mois. 15cm
filiz-history;soil-moisture-45;Soil Mois. 45cm
filiz-history;evapotransporation;Evapotranspiration
filiz-history;leaf-wetness;Leaf Wetness
filiz-history;dew-point;Dew Point
filiz-history;soil-moisture-30;Soil Mois. 30cm
filiz-history;soil-moisture-60;Soil Mois. 60cm
filiz-history;etc;ETc
filiz-history;AirTemperatureTop;Air Temperature
filiz-history;SoilTemperature;Soil Temperature
filiz-history;AirTemperatureBottom;Soil Surface Temperature
filiz-history;AirHumidityTop;Air Humidity
filiz-history;AirHumidityBottom;Soil Surface Humidity
filiz-history;RC;Precipitation
filiz-history;WDS;Wind Speed
filiz-history;LI;Light Intensity
filiz-history;Evapotransporation;Evapotranspiration
filiz-history;LW;Leaf Wetness
filiz-history;DewPoint;Dew Point
filiz-history;ChillingHours;Chilling Hours
filiz-history;GddUnit;GDD
filiz-history;SoilHumidity;Soil Humidity
filiz-history;AirTemperatureTopMax;Air Temperature Max
filiz-history;AirTemperatureTopAvg;Air Temperature Avg
filiz-history;AirTemperatureTopMin;Air Temperature Min
filiz-history;SoilTemperatureMax;Soil Temperature Max
filiz-history;SoilTemperatureAvg;Soil Temperature Avg
filiz-history;SoilTemperatureMin;Soil Temperature Min
filiz-history;AirTemperatureBottomMax;Soil Surface Temperature Max
filiz-history;AirTemperatureBottomAvg;Soil Surface Temperature Avg
filiz-history;AirTemperatureBottomMin;Soil Surface Temperature Min
filiz-history;AirHumidityTopMax;Air Humidity Max
filiz-history;AirHumidityTopAvg;Air Humidity Avg
filiz-history;AirHumidityTopMin;Air Humidity Min
filiz-history;AirHumidityBottomMax;Soil Surface Humidity Max
filiz-history;AirHumidityBottomAvg;Soil Surface Humidity Avg
filiz-history;AirHumidityBottomMin;Soil Surface Humidity Min
filiz-history;RCMax;Precipitation Max
filiz-history;RCAvg;Precipitation Avg
filiz-history;RCMin;Precipitation Min
filiz-history;WDSMax;Wind Speed Max
filiz-history;WDSAvg;Wind Speed Avg
filiz-history;WDSMin;Wind Speed Min
filiz-history;LIMax;Light Intensity Max
filiz-history;LIAvg;Light Intensity Avg
filiz-history;LIMin;Light Intensity Min
filiz-history;EvapotransporationMax;Evapotranspiration Max
filiz-history;EvapotransporationAvg;Evapotranspiration Avg
filiz-history;EvapotransporationMin;Evapotranspiration Min
filiz-history;LWMax;Leaf Wetness Max
filiz-history;LWAvg;Leaf Wetness Avg
filiz-history;LWMin;Leaf Wetness Min
filiz-history;DewPointMax;Dew Point Max
filiz-history;DewPointAvg;Dew Point Avg
filiz-history;DewPointMin;Dew Point Min
filiz-history;ChillingStdMax;Chilling Std Max
filiz-history;ChillingStdAvg;Chilling Std Avg
filiz-history;ChillingStdMin;Chilling Std Min
filiz-history;ChillingUtahMax;Chilling Utah Max
filiz-history;ChillingUtahAvg;Chilling Utah Avg
filiz-history;ChillingUtahMin;Chilling Utah Min
filiz-history;ChillingNCMax;Chilling NC Max
filiz-history;ChillingNCAvg;Chilling NC Avg
filiz-history;ChillingNCMin;Chilling NC Min
filiz-history;GddUnitMax;GDD Max
filiz-history;GddUnitAvg;GDD Avg
filiz-history;GddUnitMin;GDD Min
filiz-history;empty_gdd_header;Critical for GDD Data
filiz-history;empty_gdd_desc;Add plantation and harvest dates to view graph history.
filiz-history;add_gdd_button;Enter Dates
filiz-history;empty_chilling_header;Critical for Chilling Hours Data
filiz-history;empty_chilling_desc;Add Chilling Hours calculation period to view graph history.
filiz-history;add_chilling_button;Specify Period
filiz-history;ChillingStd;Chilling Hours
filiz-history;export-selected-graph;Export selected graph data
filiz-history;export-all-data;Export all seasonal data
filiz-history;graphs_max;max
filiz-history;graphs_min;min
filiz-history;graphs_avg;avg
filiz-history;action-required;Action required
filiz-history;AirTemperature;Air Temperature
filiz-history;AirHumidity;Air Humidity
add_photo_options_title;0;A
add_photo_options_title;1;d
add_photo_options_title;2;d
add_photo_options_title;3; 
add_photo_options_title;4;P
add_photo_options_title;5;h
add_photo_options_title;6;o
add_photo_options_title;7;t
add_photo_options_title;8;o
options_take_photo_lbl;0;T
options_take_photo_lbl;1;a
options_take_photo_lbl;2;k
options_take_photo_lbl;3;e
options_take_photo_lbl;4; 
options_take_photo_lbl;5;P
options_take_photo_lbl;6;h
options_take_photo_lbl;7;o
options_take_photo_lbl;8;t
options_take_photo_lbl;9;o
options_choose_library_lbl;0;C
options_choose_library_lbl;1;h
options_choose_library_lbl;2;o
options_choose_library_lbl;3;o
options_choose_library_lbl;4;s
options_choose_library_lbl;5;e
options_choose_library_lbl;6; 
options_choose_library_lbl;7;f
options_choose_library_lbl;8;r
options_choose_library_lbl;9;o
options_choose_library_lbl;10;m
options_choose_library_lbl;11; 
options_choose_library_lbl;12;G
options_choose_library_lbl;13;a
options_choose_library_lbl;14;l
options_choose_library_lbl;15;l
options_choose_library_lbl;16;e
options_choose_library_lbl;17;r
options_choose_library_lbl;18;y
add_photo;0;A
add_photo;1;d
add_photo;2;d
add_photo;3; 
add_photo;4;P
add_photo;5;h
add_photo;6;o
add_photo;7;t
add_photo;8;o
photo_gallery_title;0;P
photo_gallery_title;1;h
photo_gallery_title;2;o
photo_gallery_title;3;t
photo_gallery_title;4;o
photo_gallery_title;5;s
no_photo_added_alert;0;N
no_photo_added_alert;1;o
no_photo_added_alert;2; 
no_photo_added_alert;3;p
no_photo_added_alert;4;h
no_photo_added_alert;5;o
no_photo_added_alert;6;t
no_photo_added_alert;7;o
no_photo_added_alert;8;s
support;main_title;Ask the Expert
support;ask_btn;Ask
support;add_new_question;Ask New Question
support;details_subtitle;Details
support;my_fields_lbl;My Fields
support;crop_type_lbl;Crop
support;problem_lbl;Problem
support;description_placeholder;Description
support;add_photo_placeholder;Add Photo (optional)
support;ask_question;Ask
support;field_list_title;My Fields
support;error_on_save_question;An error occurred while saving your question.
support;question_title;Question
support;error_on_get_question;An error occurred while accessing question details.
support;no_farm_associated;Field not found
support;did_you_find_answer_sufficient;Did you find the answer of our expert sufficient?
support;description_title;Description
support;add_question_desc;You can ask your first question by clicking the button below.
support;ask_first_question_btn;Ask First Question
support;no_question_asked_yet;You have not asked any questions yet
support;error_on_getting_questions;An error occurred while fetching questions.
support;healt_map_analysis_title;Vegetation Distribution
support;view_as_list_lbl;View as a list
support;view_as_chart_lbl;View as a graph
notifications;main_title;Notifications
notifications;precipitation;Precip
notifications;rainfall-forecast-and-warning;Rainfall forecast and warning
notifications;storm;Storm
notifications;upcoming-storm-warning;Upcoming storm warning
notifications;soil-moisture-status;Soil moisture status
notifications;soil-moisture-status-warning;Soil moisture status warning
notifications;disease-risk-status;Disease risk status
notifications;disease-risk-status-warning;Disease risk status warning
notifications;pest-increase;Pest increase
notifications;number-of-pests-catched;Number of pests catched
notifications;expert's-answer;Expert's answer
notifications;answer-from-agronomist;Answer from agronomist
notifications;on-status;On status
notifications;device-is-on;Device is on
notifications;off-status;Off status
notifications;device-is-off;Device is off
notifications;tilting-device;Tilting device
notifications;Weather;Weather
notifications;Agricultural;Agricultural
notifications;Other;Other
notifications;device-is-tilted;Device is tilted
notifications;empty-header;You have no current notifications
notifications;empty-content;Please check back later.
notifications;Meteorological;Meteorological
notifications;Heavy-Rainfall;Heavy Rainfall
notifications;Upcoming-Storm;Upcoming Storm
notifications;Weather-Forecast;Weather Forecast
notifications;New-Satellite-Images;New Satellite Images
notifications;Irrigation-Schedule-Ready;Irrigation Schedule Ready
notifications;Irrigation-Schedule-Updated;Irrigation Schedule Updated
notifications;Irrigation-Reminder;Irrigation Reminder
notifications;Frost-Risk;Frost Risk
notifications;Disease-Risk;Disease Risk
notifications;Frost-Risk-Warning;Frost Risk Warning
notifications;Low-Soil-Moisture;Low Soil Moisture
notifications;Ongoing-Low-Soil-Moisture;Ongoing Low Soil Moisture
notifications;Fungal-Disease-Risk;Fungal Disease Risk
notifications;Ongoing-Fungal-Disease-Risk;Ongoing Fungal Disease Risk
notifications;Spraying-Wash-Out;Spraying Wash Out
notifications;High-Windspeed-and-Storm;High Wind Speed and Storm
notifications;Rainfall-Warning;Rainfall Warning
notifications;Pest-Number-Increase;Pest Number Increase
notifications;Sudden-Pest-Number-Increase;Sudden Pest Number Increase
notifications;Irrigation;Irrigation
notifications;Rainfall-Started;Rainfall Started
notifications;High-Air-Humidity;High Air Humidity
notifications;Rise-in-Soil-Moisture;Soil Moisture Increase
irrigation;irrigation-status;Irrigation Status
irrigation;irrigation-needed;Irrigation needed
irrigation;no-need;No need. You're all set
irrigation;cm;cm
irrigation;current-soil-moisture;CURRENT SOIL MOISTURE
irrigation;minimum-soil-moisture;MINIMUM SOIL MOISTURE
irrigation;wet;WET
irrigation;dry;DRY
irrigation;expected-precipitation;Expected Precipitation
irrigation;mm;mm
irrigation;add-irrigation;Add Irrigation
irrigation;add-irrigation-information;Add Irrigation information
irrigation;irrigation-amount;Irrigation amount
irrigation;irrigation-method;Irrigation method
irrigation;fertilizer;Fertilizer
irrigation;spraying;Spraying
irrigation;irrigation-starts-on;Irrigation starts on
irrigation;irrigation-ends-on;Irrigation ends on
irrigation;irrigation;Irrigation
irrigation;irrigation-time;Irrigation time
irrigation;irrigation-duration;Irrigation duration
irrigation;add-irrigation-details;Irrigation Details
irrigation;last-irrigation-date;Last irrigation date
irrigation;irrigation-date;Irrigation date
irrigation;24-hour;for 24 hours
irrigation;required;Required Field
irrigation;empty-header;No irrigation data could be found
irrigation;empty-content;If you’ve have irrigated recently, please add by tapping on the button below
irrigation;enter-date;Enter a date
irrigation;not-equal-dates;Start date must be different from end date.
irrigation;error;An error has been encountered.
irrigation;irrigation-unit;Unit
irrigation;prepare-irrigation;Getting your irrigation status...
irrigation;change-date;The irrigation end date must be greater than the start date.
irrigation;Wet;Wet
irrigation;sufficient;Optimal
irrigation;Dry;Dry
irrigation;min-soil-moisture;Minimum Soil Moisture
irrigation;soil-moisture-info;The sensor with the highest moisture variation is closest to the effective root zone. We recommend that you monitor this sensor closely.
irrigation;not-calculated;Not calculated yet
irrigation;irrigation-status-info;If you recently irrigated, keep in mind that it may take a few days for the moisture values to rise.
irrigation;max-soil-moisture;Maximum Soil Moisture
irrigation;Full;Saturated
chart-value;AirTemperature;Temperature value measured by Filiz's top air sensor.
chart-value;AirHumidity;Humidity value measured by Filiz's top humidity sensor.
chart-value;SoilSurfaceTemperature;Temperature value measured by Filiz's bottom air sensor.
chart-value;SoilSurfaceHumidity;Humidity value measured by Filiz's bottom air sensor.
chart-value;UnderSoilTemperature;Temperature value measured by Filiz's under soil sensor.
chart-value;UnderSoilHumidity;Humidity value measured by Filiz's under soil sensor.
chart-value;UnderSoilHumidity1;Humidity value measured by Filiz's under soil sensor.
user-manual;play_audio_opening_melody;Power On
user-manual;play_audio_closing_melody;Shut Down
user-manual;play_audio_status_on_melody;On
user-manual;play_audio_status_off_melody;Off
user-manual;play_audio_busy_melody;Busy
user-manual;error_on_user_manual;An error occured during loading the user manual!
location-info;empty-header;Enter your current location
location-info;empty-content;You can find your location with the search
location-info;empty-header-1;The location you are looking for does not exist
location-info;empty-content-1;Look for a different location
location-info;loc;Enter location
location-info;previous_location;Previous Location
tab;home;Home
tab;map;Map
tab;history;History
tab;profile;Profile
tab;conditions;Conditions
permission_alerts;close_btn;OK
permission_alerts;open_settings_btn;Open Settings
permission_alerts;camera_permisson_denied_desc;To continue, please enable camera access in the device Settings.
permission_alerts;camera_permisson_denied_title;IoTrack Would Like to Access Your Camera
permission_alerts;photos_permisson_denied_desc;To continue, please enable access to your photo library in the device Settings.
permission_alerts;photos_permisson_denied_title;IoTrack Would Like to Access Your Photos
permission_alerts;location_permisson_denied_desc;For a better IoTrack experience, please adjust your location permissions in the device Settings.
permission_alerts;location_permisson_denied_title;IoTrack Would Like to Access Your Location
crop-variety;Genel;General
crop-variety;Erkenci;Early
crop-variety;Geç;Late
my-fields;shared_field_removed_title_singular;Your field “{{farm}}” has been removed
my-fields;shared_field_removed_desc;This field has been deleted from the platform it was created on, so it’s been removed here as well.
my-fields;shared_field_removed_primary_btn;OK, great
my-fields;n_of_your_fields_have_been_deleted;{{count}} of your fields have been removed
my-fields;multiple_shared_fields_removed_desc;These fields have been deleted from the platform it was created on, so it’s also been removed from this platform.
my-fields;shared_field_removed_secondary_btn;See the deleted fields list
my-fields;followed_fields_removed;The following {{count}} fields have been removed:
my-fields;got_it_btn;OK, got it
walkthrough;graph_chart_header;Hold and drag to explore data points
walkthrough;graph_chart_desc;View your graph in detail and track each data point.
walkthrough;next_btn_text;Next
walkthrough;graph_opts_header;Select which graph to view
walkthrough;graph_opts_desc;Scroll horizontally to pick a data source.
walkthrough;graph_filter_header;Apply filters to enhance graph details
walkthrough;graph_filter_desc;Select timeframes or dates and export if needed.
walkthrough;got_it_btn_text;Got it
walkthrough;done_btn_text;Done
walkthrough;graph_date_opts_header;Toggle between timeframes
walkthrough;graph_date_opts_desc;View your data by any selected period.
walkthrough;trap_graph_chart_header;Hold and drag to explore data points
walkthrough;trap_graph_chart_desc;Monitor changes in pest count and view spraying dates.
walkthrough;trap_graph_filter_header;Apply filters to enhance graph details
walkthrough;trap_graph_filter_desc;Select timeframes or dates and export if needed.
walkthrough;trap_graph_type_header;Select pest types
walkthrough;trap_graph_type_desc;View the impact of pest types on your field.