general;ok;Okay;;
general;search;Search;;
general;fields;Fields;;
general;continue;Continue;;
general;copy;Copy;;
general;pick-date;Pick a date;;
general;save;Save;;
general;later;Later;;
general;details;Details;;
general;confirm;Confirm;;
general;time;Time;;
general;save-changes;Save Changes;;
general;learn-more;Learn more;;
general;back;Back;;
general;countries;Countries;;
general;learn-more-url;https://www.doktar.com/en/farm-management;;
general;create;Create;;
general;logout;Are you sure you want to logout?;;
general;no-sure;No, cancel;;
general;yes-sure;Yes, I am sure;;
general;today;Today;;
general;tomorrow;Tomorrow;;
general;mm;mm;;
general;km/h;km/h;;
general;%;%;;
general;save-as-pdf;Save as PDF;;
general;edit;Edit;;
general;or;or;;
general;date;Date;;
general;expert;Expert;;
general;we-get-in-touch;We'll get in touch;;
general;nice-got-it;Nice, got it;;
general;more;More;;
general;copy-coordinates;Copy link;;
general;share;Share;;
general;delete;Delete;;
general;no-result-found;No result found;;
general;undo;Undo;;
general;cancel;Cancel;;
general;save-and-continue;Save & Continue;;
general;plan;Plan;;
general;crop-plan;Crop Plan;;
general;confirmation;Confirmation;;
general;next;Next;;
general;confirm-changes;Confirm changes;;
general;apply;Apply;;
general;clear-all;Clear All;;
general;coming-soon;We're currently working on making FieldFlow the best! You will be able to access the reports from here soon.;;
general;coming-soon-dashboard;We're currently working on making FieldFlow the best! You will be able to access the dashboard from here soon.;;
general;ok-got-it;Ok,got it;;
lang;default;EN;;
lang;code;en-EN;;
lang;culture_info;en-EN;;
errors;login_not_valid;Please fill the required areas.;;
errors;device-data-not-available;Unable to access device data.;;
errors;user-already-exist;This phone number is already in use. Please check the information you entered and try again.;;
errors;phone-number-or-password-is-incorrect;Phone number or password is incorrect;;
errors;record-not-found;Record Not Found;;
errors;stage-date-must-be-less-than-next-stage-date;Stage date must be less than next stage date.;;
errors;record-already-exist;This stage is already added, please check the name.;;
errors;http_request_unexpected_error;We encountered an unexpected problem;;
errors;auth-error;###;;
errors;email-already-used;This e-mail is already in use.;;
errors;stage-date-must-be-greater-than-previous-stage-date;The phenological stage date must be after the previous stage date.;;
errors;invalid-operation;It is not possible to trade in the demo field.;;
errors;timeline-crop-cannot-be-null-or-empty;Crop is required field;;
errors;timeline-id-cannot-be-null;Id is required field;;
errors;timeline-stage-cannot-be-null-or-empty;Stage is required field;;
errors;timeline-tempfarmattid-cannot-be-null-or-empty;Farm is required field;;
errors;flagsave-id-cannot-be-null;Id is required field;;
errors;flagsave-description-cannot-be-null-or-empty;Description is required field;;
errors;flagsave-title-cannot-be-null-or-empty;Title is required field;;
errors;flagsave-tempfarmattid-cannot-be-null-or-empty;Farm is required field;;
errors;flagsave-flag-date-cannot-be-null-or-empty;Flag Date is required field;;
errors;flagsave-lat-cannot-be-null-or-empty;Location is required field;;
errors;flagsave-lon-cannot-be-null-or-empty;Location is required field;;
errors;email-is-already-in-use;This e-mail is already in use.;;
errors;phonenumber-format-is-not-suitable;Phone number format is not suitable;;
errors;farm-geo-type-cannot-be-null-or-empty;Draw is required field;;
errors;farm-geo-type-must-be-Polygon-or-Point;Draw format is not suitable;;
errors;sowing-date-cannot-be-null-or-empty;Sowing date is required field;;
errors;sowing-date-less-than-harvest-date;The sowing date cannot be greater than the harvest date.;;
errors;harvest-date-cannot-be-null-or-empty;Harvest date is required field;;
errors;harvest-date-greater-than-sowing-date;Harvest date cannot be less than sowing date;;
errors;crop-cannot-be-null-or-empty;Crop is required field;;
errors;lat-cannot-be-null;Location is required field;;
errors;lon-cannot-be-null;Location is required field;;
errors;tempfarmattid-cannot-be-null-or-empty;Farm is required field;;
errors;flag-id-cannot-be-null-or-empty;Flag Id is required field;;
errors;description-cannot-be-null-or-empty;Description is required field;;
auth;welcome-fms;Welcome to FieldFlow;;
auth;description-text;Farming Made Simple: Your All-in-One Solution for Farm Success.;;
auth;create-account;Create an account;;
auth;already-account;I already have an account;;
auth;change-language;Change language;;
auth;create-new-profile;Create a new profile;;
auth;sign-up-google;Sign up with Google;;
auth;sign-up-facebook;Sign up with Facebook;;
auth;continue-with-email;Continue with email;;
auth;whats-your-name;Please tell us your name;;
auth;sign-up-ready;Welcome! Lets get you signed up.;;
auth;name-surname;Name and surname;;
auth;have-account;I have an account;;
auth;lets-get-details;Let's get to the details;;
auth;email-address;Email address;;
auth;terms-privacy;By continuing you agree to our terms of service and privacy policy;;
auth;what-phone-number;Please fill in your phone number.;;
auth;password-description;Choose a strong password to secure your account. You can update it later in the settings.;;
auth;now-make-it-all-secure;Now to make it all secure;;
auth;password;Password;;
auth;repeat-password;Repeat password;;
auth;finish-up;Finish up;;
auth;welcome-to-fms;Welcome to FieldFlow,;;
auth;ready-use-fms;You're ready to go. Go on and explore Doktar's all-in-one system for your most crucial agricultural needs!;;
auth;password-8-characters;Passwords should be at least 8 characters long.;;
auth;password-contain-numbers-special;Passwords should contain a mix of letters, numbers and special characters.;;
auth;password-8-contain-upper-case;Passwords should contain at least one upper case letter.;;
auth;password-8-not-contain-personal-info;Passwords should not contain easily guessable information such as personal information or common words.;;
auth;welcome-farm-management-system;Welcome to FieldFlow;;
auth;please-fill-fields;Please enter your account information;;
auth;forgot-password;Having trouble logging in? Let's recover your password.;;
auth;login;Login;;
auth;continue-accounts-below;or continue with one of your accounts below;;
auth;reset-password-email;Enter the email address associated with your account and we'll send you a link to reset your password.;;
auth;email;Email;;
auth;send-reset-link;Send reset link;;
auth;e-mailed-reset-link;We have sent you a password reset link. Please check your inbox or spam folder.;;
auth;resend-link;Resend link;;
auth;too-many-reset;You've requested too many password resets today. Please try again in 24 hours or;;
auth;contact-us;Contact Us;;
auth;create-new-password;Create a new password;;
auth;lets-get-new-password;Please select a new password that meets the following criteria:;;
auth;new-password;New password;;
auth;repeat-new-password;Repeat new password;;
auth;changed-successfully;Password changed successfully;;
auth;new-password-login;Please use your new password to login;;
auth;what-email-address;Please fill in your email address;;
constants;Insecticide;Insecticide;;
constants;Herbicide;Herbicide;;
constants;Fungicide;Fungicide;;
constants;Organik;Organic;;
constants;Konvansiyonel;Conventional;;
constants;Sulamıyorum;Non-Irrigated Arable Land;;
constants;Yağmurlama;Sprinkler Irrigation;;
constants;Salma;Surface Irrigation;;
constants;Damla;Drip Irrigation;;
constants;Center Pivot;Center Pivot;;
constants;İnce Kumlu-Tınlı;Fine Sandy Loamy;;
constants;Killi-Tınlı;Clay Loam;;
constants;Kumlu-Killi-Tınlı;Sandy Clay Loam;;
constants;Kumlu-Tınlı;Sandy Loam;;
constants;Siltli-Killi-Tınlı;Silty Clay Loam;;
constants;Siltli-Killi;Silty Clay;;
constants;Siltli-Tınlı;Silt Loam;;
constants;Tınlı-Kumlu;Loamy Sand;;
constants;Tınlı;Loam;;
constants;Killi;Clay;;
constants;Kumlu;Sand;;
constants;Milli;Silt;;
constants;Asidik;Acidic;;
constants;Bazik;Alkaline;;
constants;Nötr;Neutral;;
constants;Milli-Killi;Silty Clay;;
constants;Default;Default;;
constants;Mantar;Fungus;;
constants;Böcek;Insect;;
constants;Besin Eksikliği;Nutrient Deficiency;;
constants;Su;Water;;
constants;Azot;Nitrogen;;
constants;Altyapı;Structure;;
constants;Virüs;Virus;;
constants;Fosfor Eksikliği;Phosphorus Deficiency;;
constants;Potasyum Eksikliği;Potassium Deficiency;;
constants;Çinko Eksikliği;Zinc Deficiency;;
constants;Magnezyum Eksikliği;Magnesium Deficiency;;
constants;Kalsiyum Eksikliği;Calcium Deficiency;;
constants;Demir Eksikliği;Iron Deficiency;;
constants;Bakır Eksikliği;Copper Deficiency;;
constants;Obruk;Pothole;;
constants;Dolu;Hail;;
constants;Damlatıcı Tıkanması;Dripper Blockage;;
constants;Su Öbeği;Water Heap;;
constants;Ekilmemiş Alan;Uncultivated Area;;
constants;Farklı Çeşit;Different Variety;;
constants;Gelişme;Vegetative Growth;;
constants;Meyve bağlama;Fruit Setting;;
constants;Diğer;Other;;
constants;Hastalık;Disease;;
constants;Sulama;Irrigation;;
constants;Yabancı Ot;Weed;;
constants;Zararlı;Pest;;
constants;null;N/A;;
constants;Göllendirme;Ponding;;
constants;Liquid Fertilizers;Liquid Fertilizers;;
constants;Organomineral Fertilizers;Organomineral Fertilizers;;
constants;Plant Growth Regulators;Plant Growth Regulators;;
constants;Solid Fertilizers;Solid Fertilizers;;
constants;5. yaprak;5. Leaf;;
constants;Filizlenme;Germination;;
constants;Başaklanma;Earing;;
constants;9. yaprak;9. Leaf;;
constants;Koçan oluşumu;Corn cob Development;;
constants;Püsküllenme;Tassel Emergence;;
constants;3. gerçek yaprak;3. Leaf;;
constants;Koza oluşumu;Cotton Ball Development;;
constants;Kozanın açılması;Cotton Ball Opening;;
constants;Çimlenme;Germination;;
constants;3. yaprak;3. Leaf;;
constants;Tomurcuklanma;Budding;;
constants;Kapsülün oluşumu;Capsule Development;;
constants;Kapsül çizimi;Capsule Cut;;
constants;4. yaprak;4. Leaf;;
constants;Fide boyu 50 cm;Steam Reaches 50 cm;;
constants;Yaprak kırma;Harvest;;
constants;Çiçek tablası oluşumu;Flowerbud Development;;
constants;Dallanma;Ramificatin;;
constants;Yaprak oluşumu;Leaf Formation;;
constants;2. yaprak çifti;2. Leaf;;
constants;Tabla oluşumu;Receptacle Development;;
constants;6-10 Yaprak;6-10 Leaf;;
constants;Şaşırtma (fideleme);Seedling;;
constants;Gelişme dönemi;Vegetative Growth;;
constants;7. yaprak oluşumu;7. Leaf;;
constants;Yeniden büyüme;Regrowth;;
constants;Sürgün gelişme dönemi;Shoot Growth;;
constants;Çiçeklenme öncesi;Pre-Flowering;;
constants;Koza gelişim dönemi;Fruit Development;;
constants;İlk mahsul;First Crop;;
constants;Çiçek tomurcuğu oluşumu;Bud Development;;
constants;Son mahsul;Last Crop;;
constants;Olgunlaşma;Ripening;;
constants;Erkek çiçeklerin görülmesi;Bud Break;;
constants;Dişi çiçeklerin görülmesi;Female Flower Development;;
constants;Yapraklanma;Leafing;;
constants;Büyüme;Germination;;
constants;Yaprakların büyümesi;Leaf Growing;;
constants;Yaprakların çoğalması;Leaf Multiplication;;
constants;Çiçek sapı oluşumu;Flower Stem;;
constants;Yeni yaprakların görülmesi;New Leaf Presence;;
constants;Çiçek salkımı oluşumu;Raceme Development;;
constants;Çiçek gruplarının görülmesi;Raceme Development;;
constants;Salkım oluşumu;Raceme Development;;
constants;Tomurcukların kabarması;Bud Break;;
constants;Tomurcukların açılması;Bud Opening;;
constants;Çiçeklenme;Flowering;;
constants;Meyve oluşumu;Fruit Development;;
constants;Ekim Dikim;Planting;;
constants;Uyanma;Awakening;;
constants;N/A;N/A;;
constants;Ekim ;Planting;;
constants;Hasat;Harvest;;
constants;Sürme;Bud Break;;
constants;Ekim;Planting;;
constants;1. kesim;First Cut;;
constants;6. yaprak;6 Leaf;;
constants;Yüzeyde en fazla yapraklanma;Maximum Leaf;;
constants;Çiçeklenme dönemi;Flowering;;
constants;Çimlenme-Filizlenme;Germination;;
constants;Daneler irileşmeye başlayınca aralar tam kapanmadan;Berry Enlargement;;
constants;Daneler tatlanma döneminde;Berry Sugar Level Increase;;
constants;Gövdenin görünmesi;Stem Developement;;
constants;İlk gerçek yaprak çifti;First Leaf;;
constants;Kardeşlenme;Tillering;;
constants;Kol atma;Branching;;
constants;Sapa kalkma;Bolting;;
constants;Son kesim;Last Cut;;
constants;Sürgünler 25-30 cm boya ulaşınca;Shoots 25-30 cm;;
constants;Tane tutum ve irileşme dönemi;Setting;;
constants;Yaprak solgunluğu;Leaves Withering;;
constants;Yeşil olgunluk;Green Capsule;;
constants;Yeşil-sarı olgunluk;Brown Capsule;;
constants;Yumru oluşumu;Tuberization;;
constants;Yumruların şişmesi;Tuberization;;
constants;Harvest date;Harvest;;
constants;Sowing date;Sowing;;
constants;mm;mm;;
constants;ton/ha;ton/ha;;
constants;kg/da;kg/da;;
constants;kg/ha;kg/ha;;
constants;ton/da;ton/da;;
constants;%;%;;
constants;mg/kg;mg/kg;;
constants;mmol/kg;mmol/kg;;
constants;ppm;ppm;;
constants;l/ha;l/ha;;
menu-header;dashboard;Dashboard;;
menu-header;fields;Fields;;
menu-header;services;Services;;
menu-header;crop-health;Crop Health;;
menu-header;agroclimate;Agroclimate;;
menu-header;pest-disease-warnings;Pest & Disease Warnings;;
menu-header;irrigation;Irrigation;;
menu-header;soil-analysis;Soil Analysis;;
menu-header;graphs;Graphics;;
menu-header;reports;Reports;;
filiz-home;welcome-back;Welcome back;;
filiz-home;latest-updates;Last updated on;;
filiz-home;wind-speed;Wind Speed;;
filiz-home;precipitation;Precipitation;;
filiz-home;light-intensity;Light Intensity;;
filiz-home;air-humiditiy;Air Humiditiy;;
filiz-home;temperature;Temperature;;
filiz-home;soil-humidity;Soil Humidity;;
filiz-home;soil-temperature;Soil Temperature;;
filiz-home;no;No Risk;;
filiz-home;low;Low Risk;;
filiz-home;high;High Risk;;
filiz-home;fungus-risk;Fungus Risk;;
filiz-home;soil-moisture;Soil Moisture;;
filiz-home;gdd;GDD;;
filiz-home;chilling-hours;Chilling Hours;;
filiz-home;windstorm-risk;Windstorm Risk;;
filiz-home;rainfall-risk;Rainfall Risk;;
filiz-home;frost-risk;Frost Risk;;
filiz-home;inadequate;Inadequate;;
filiz-home;adequate;Adequate;;
filiz-home;std;Std.;;
filiz-home;utah;UTAH;;
filiz-home;nc;NC;;
filiz-home;sensor-history;Sensor History;;
filiz-home;AirHumidity;Air Humidity is a humidity value measured by Filiz’s top air sensor;;
filiz-home;view-sensor-history;View sensor history;;
filiz-home;select-graph-type;Select graph type:;;
filiz-home;start-date;Start date;;
filiz-home;end-date;End date;;
filiz-home;results;Results;;
filiz-home;select-period;Select period:;;
filiz-home;daily;Daily;;
filiz-home;hourly;Hourly;;
filiz-home;expand;Expand;;
filiz-home;min;MIN;;
filiz-home;avg;AVG;;
filiz-home;max;MAX;;
filiz-home;AirTemperature;Air Temperature;;
filiz-home;very_dry;<5;;
filiz-home;over_moisture;>50;;
filiz-home;%RH;%RH;;
agroclimate;sensor;Sensors;;
agroclimate;weather;Weather;;
agroclimate;summary;Summary;;
agroclimate;analysis;Analysis;;
agroclimate;edit-device;Edit device;;
agroclimate;battery;Battery;;
agroclimate;network;Network;;
agroclimate;status;Status;;
agroclimate;on;On;;
agroclimate;off;Off;;
agroclimate;view-map;View on the map;;
agroclimate;very good;Very Good;;
agroclimate;good;Good;;
agroclimate;low;Low;;
agroclimate;very low;Very Low;;
agroclimate;no-signal;No Signal;;
agroclimate;;-;;
agroclimate;empty-header;Device not found;;
agroclimate;empty-description;Tap the button to add your Filiz device;;
agroclimate;empty-button;Add a device;;
agroclimate;add-device;Add a device;;
agroclimate;confirm;Confirm;;
agroclimate;device-id;Device ID;;
agroclimate;long-id-number;Long ID number;;
sensor-info;device-not-exist-header;ID number is not correct;;
sensor-info;device-not-exist-description;Please check ID number and re-enter;;
pest-disease;pest-tracking;Pest Tracking;;
pest-disease;disease-warnings;Disease Warnings;;
pest-disease;spraying;Spraying;;
pest-disease;summary;Overview;;
pesttrapp-home;%RH;%RH;;
pesttrapp-home;temperature;Temperature;;
pesttrapp-home;time;Time;;
pesttrapp-home;humidity;Humidity;;
pesttrapp-home;date;Date;;
pesttrapp-home;show;Show;;
pesttrapp-home;share;Share;;
pesttrapp-home;images;Images;;
pesttrapp-home;battery;Battery;;
pesttrapp-home;network;Network;;
pesttrapp-home;status;Status;;
pesttrapp-home;on;On;;
pesttrapp-home;off;Off;;
pesttrapp-home;very good;Very Good;;
pesttrapp-home;good;Good;;
pesttrapp-home;low;Low;;
pesttrapp-home;very low;Very Low;;
pesttrapp-home;no-signal;No Signal;;
pesttrapp-home;;-;;
pesttrapp-home;pest-count;Pest Count;;
pesttrapp-home;last-catch;Last Catch;;
pesttrapp-home;sticky-trap;Sticky Trap;;
pesttrapp-home;last-change-date;Last change date;;
pesttrapp-home;change;Change;;
pesttrapp-home;pheromone-lure;Pheromone Lure;;
pesttrapp-home;expiration-date;Expiration date;;
pesttrapp-home;pest-type;Pest Type;;
pesttrapp-home;spraying;Spraying;;
pesttrapp-home;last-spraying-date;Last spraying date;;
pesttrapp-home;timeline;Timeline;;
pesttrapp-home;edit;Edit;;
pesttrapp-home;view;View;;
pesttrapp-home;change-sticky-trap;Change sticky trap;;
pesttrapp-home;view-pheromone-change;View pheromone changes;;
pesttrapp-home;empty-description;Tap the button to add your PestTrap device;;
pest;sticky-trap-changes;Sticky trap changes;;
pest;last-change-date;Last change date;;
pest;change-date;Change date;;
pest;add-date;Add a date;;
bug;SalkimGuvesi;European Grapevine Moth;;
bug;ElmaIcKurdu;Codling Moth;;
bug;ZeytinGuvesi;Olive Moth;;
bug;DomatesGuvesi;Tomato Leafminer;;
bug;CicekTripsi;Western Flower Thrips;;
bug;PatatesGuvesi;Potato Tuber Moth;;
bug;PamukPembeKurt;Pink Bollworm;;
bug;PamukYaprakKurdu;African Cotton Leafworm;;
bug;YesilKurt;Cotton Bollworm;;
bug;HarnupGuvesi;Locust Bean Moth;;
bug;DoguMeyveGuvesi;Oriental Fruit Moth;;
bug;ElmaYaprakBukeni;European Leaf Roller;;
bug;AkdenizMeyveSinegi;Mediterranean Fruit Fly;;
bug;ZeytinSinegi;Olive Fruit Fly;;
bug;KizilAgacKurdu;Carpenter Moth;;
bug;LimonCicekGuvesi;Citrus Flower Moth;;
bug;KirazSinegi;Cherry Fruit Fly;;
bug;SeftaliGuvesi;Peach Twig Borer;;
bug;ErikIcKurdu;Red Plum Maggot;;
bug;SariAgacKurdu;Leopard Moth;;
bug;ElmaGovdeKurdu;Red-Belted Clearwing;;
bug;BaklaZinni;Apple Blossom Beetle;;
bug;KirmiziPalmiyeBocegi;Red Palm Weevil;;
bug;KuruMeyveGuvesi;Indian-Meal Moth;;
bug;DegirmenGuvesi;Mediterranean Flour Moth;;
bug;TatliKurt;Cigarette Beetle;;
bug;ArpaGuvesi;Angoumois Grain Moth;;
bug;BugdayBiti;Grain Weevil;;
bug;ElbiseGuvesi;Clothes Moth;;
bug;GoknarBuyukKabukBocegi;Fir Engraver Beetle;;
bug;YatayDisliGoknarKabukBocegi;Bark Beetle;;
bug;AkdenizCamKabukBocegi;Mediterranean Pine Beetle;;
bug;OnikiDisliCamKabukBocegi;Six-Toothed Bark Beetle;;
bug;CamSurgunBukucusu;European Pine Shoot Moth;;
bug;CamKeseBocegi;Pine Processionary Moth;;
bug;CamKulturHortumluBocegi;Small Banded Pine Weevil;;
bug;KucukOrmanBahcivani;Lesser Pine Shoot Beetle;;
bug;BuyukOrmanBahcivani;Common Pine Shoot Beetle;;
bug;AkdenizOrmanBahcivani;Mediterranean Pine Shoot Beetle;;
bug;AltiDisliCamKabukBocegi;Engraver Beetle;;
bug;KucukGoknarKabukBocegi;Small Fir Bark Beetle;;
bug;FindikDalkiran;Pear Bright Beetle;;
bug;SekizDisliCamKabukBocegi;Eight-Toothed Bark Beetle;;
bug;AltinGozluBocek;Common Green Lacewing;;
bug;TutunTripsi;Tobacco Thrips;;
bug;TutunBeyazsinegi;Tobacco Whitefly;;
bug;SeraBeyazsinegi;Greenhouse Whitefly;;
bug;TuruncgilBeyazsinegi;Citrus whitefly;;
bug;Ari;Bee;;
bug;SoganSinegi;Onion Fly;;
bug;TutunBeyazSinegi;Tobacco Whitefly;;
bug;SeraBeyazSinegi;Greenhouse Whitefly;;
bug;TuruncgilBeyazSinegi;Citrus Whitefly;;
bug;Cisim;Other;;
bug;MisirKocanKurdu;Mediterranean Corn Stalk Borer;;
bug;Sinek;Fly;;
bug;Feromon;Pheromone;;
bug;Tanimsiz;Unidentified;;
bug;AkdikenYaprakbukeni;Brown Oak Tortrix;;
bug;AntepfistigiDalGuvesi;Pistachio Twig Borer;;
bug;AtKestanesiYaprakOyucusu;Horsechestnut Leafminer;;
bug;AvrupaCamGuvesi;Pine-Tree Lappet;;
bug;AvrupaTahilGuvesi;European Grain Moth;;
bug;AycicegiGuvesi;Sunflower Moth;;
bug;Ayvaİckurdu;Quince Moth;;
bug;BatiMisirKokkurdu;Western Corn Rootworm;;
bug;BenekliSapKurdu;Spotted Stem Borer;;
bug;BezelyeKapsulKurdu;Pea Moth;;
bug;Bozkurt;Turnip Moth;;
bug;CaliantenliCamYaprakarisi;Common Pine Sawfly;;
bug;CamGuvesi;Pine Beauty Moth;;
bug;CamTekebocegi;Pine Sawyer Beetle;;
bug;DepoBocekleri;Skin Beetles;;
bug;DikenliKurt;Egyptian Stem Borer;;
bug;DisliBocek;Merchant Grain Beetle;;
bug;DouglasGoknarıKabukbocegi;Douglas-Fir Beetle;;
bug;DutKabukluBiti;Mulberry Scale;;
bug;EkmekBocegi;Drugstore Beetle;;
bug;ElmaGuvesi;Apple-fruit Moth;;
bug;ElmaYaprakGaleriGuvesi;Spotted Tentiform Leafminer;;
bug;GamaliKelebek;Silver Y;;
bug;GoknarSurgunKelebegi;European Fir Budworm;;
bug;GüzTirtili;Fall Armyworm;;
bug;İncirKurdu;Almond Moth;;
bug;Kabukbocegi;Black Hills Beetle;;
bug;KahverengiKokarcaBocegi;Brown Marmorated Stink Bug;;
bug;KanadiNoktaliSirkeSinegi;Spotted Wing Drosophila;;
bug;KaraagacYaprakbukeni;Variegated Golden Tortrix;;
bug;KavakKelebegi;Poplar Clearwing Moth;;
bug;KirazCicegiGuvesi;Cherry Fruit Moth;;
bug;KirmaBiti;Confused Flour Beetle;;
bug;KirmiziTomurcukTirtili;Bud Moth;;
bug;Kirtirtili;Gypsy Moth;;
bug;KisGuvesi;Winter Moth;;
bug;KucukMeyveGuvesi;Appleseed Moth;;
bug;KusuzumuOyucusu;Currant Clearwing;;
bug;LahanaGuvesi;Cabbage Moth;;
bug;LahanaYaprakguvesi;Diamondback Moth;;
bug;MeyveYaprakbukucusu;Rhomboid Tortrix;;
bug;MisirdaPamukKurdu;Cotton Leafworm;;
bug;MisirKurdu;European Maize Borer;;
bug;MisirYuvarlakKurdu;Corn Earworm;;
bug;PamukCizgiliYaprakKurdu;Beet Armyworm;;
bug;PirasaGuvesi;Leek Moth;;
bug;PirincBiti;Rice Weevil;;
bug;PolifagYaprakBukucusu;Grey Red-Barred Twist;;
bug;PortakalGuvesi;Honeydew Moth;;
bug;RecineKelebegi;Pine Tip Moth;;
bug;SedirKabukBocegi;-;;
bug;TestereliBocek;Saw-Toothed Grain Beetle;;
bug;TomurcukTirtili;Apple Brown Tortrix;;
bug;TutunGuvesi;Cacao Moth;;
bug;TutunTomurcukKurdu;Oriental Tobacco Budworm;;
bug;Unakari;Flour Mite;;
bug;UnBiti;Red Flour Beetle;;
bug;Yaprakyapistiran;Summer Fruit Tortrix;;
bug;YaprakYesiltirtili;Bud Moth;;
bug;YesilTirtil;Clouded Drab;;
bug;Asyagergedanbocegi;Asiatic Rhinoceros Beetle;;
bug;null;Null;;
bug;no-type;Add type;;
bug;Palmiye;Palm;;
bug;Cekirge;Grasshopper;;
bug;SigaraBocegi;Cigarette beetle;;
bug;AgustosBocegi;Cicada;;
bug;KahverengiKokarca;Brown Skunk;;
bug;Dalkiran;Dalkiran;;
crop;Marul;Lettuce;;
crop;Roka;Arugula;;
crop;Tere;Cress;;
crop;Karpuz;Watermelon;;
crop;Kavun;Melon;;
crop;Fasülye;Bean;;
crop;Elma;Apple;;
crop;Kiraz;Cherry;;
crop;Portakal;Orange;;
crop;Zeytin;Olive;;
crop;Ceviz;Walnut;;
crop;Patlıcan;Eggplant;;
crop;Buğday;Wheat;;
crop;Fiğ;Vetch;;
crop;Çilek;Strawberry;;
crop;Burçak;Bitter Vetch;;
crop;Bağ Kurutmalık;Raisin;;
crop;Ahududu;Raspberry;;
crop;Altıntop (Greyfurt);Grapefruit;;
crop;Anason;Anise;;
crop;Antepfıstığı;Pistachios;;
crop;Armut;Pear;;
crop;Arpa;Barley;;
crop;Aspir;Safflower;;
crop;Ayçiçeği;Sunflower;;
crop;Ayva;Quince;;
crop;Badem;Almond;;
crop;Bakla;Broad Bean;;
crop;Bamya;Okra;;
crop;Bezelye;Pea;;
crop;Börülce;Cowpea;;
crop;Brokkoli;Broccoli;;
crop;Çavdar;Rye;;
crop;Çeltik;Paddy;;
crop;Dereotu;Dill;;
crop;Dut;Mulberry;;
crop;Enginar;Artichoke;;
crop;Erik;Plum;;
crop;Filotu;Giant Miscanthus;;
crop;Haşhaş;Poppy;;
crop;Havuç;Carrot;;
crop;İğde;Silverberry;;
crop;İncir;Fig;;
crop;Ispanak;Spinach;;
crop;Kabak;Zucchini;;
crop;Kanola;Canola;;
crop;Karnabahar;Cauliflower;;
crop;Kayısı;Apricot;;
crop;Kayısı Kurutmalık;Dried Apricot;;
crop;Keçi Boynuzu;Carob;;
crop;Kekik;Thyme;;
crop;Kereviz;Celery;;
crop;Kestane;Chestnut;;
crop;Kimyon;Cumin;;
crop;Kivi;Kiwi;;
crop;Korunga;Sainfoin;;
crop;Sarımsak Kuru;Garlic;;
crop;Soğan Kuru;Onion;;
crop;Lahana;Cabbage;;
crop;Limon;Lemon;;
crop;Mandarin;Tangerines;;
crop;Maydanoz;Parsley;;
crop;Mercimek;Lentil;;
crop;Mürdümük;Grass Pea;;
crop;Muşmula;Medlar;;
crop;Nane;Mint;;
crop;Nar;Pomegranate;;
crop;Nohut;Chickpea;;
crop;Pamuk;Cotton;;
crop;Pazı;Chard;;
crop;Pırasa;Leek;;
crop;Şeftali;Peach;;
crop;Şekerpancarı;Sugar Beet;;
crop;Semizotu;Purslane;;
crop;Sorgum;Sorghum;;
crop;Soya Fasülyesi;Soybean;;
crop;Susam;Sesame;;
crop;Sarımsak Taze;Green Garlic;;
crop;Soğan Taze;Green Onion;;
crop;Trabzon Hurması;Persimmon;;
crop;Tritikale;Triticale;;
crop;Tütün;Tobacco;;
crop;Üçgül;White Clover;;
crop;Vişne;Cherry;;
crop;Yenidünya;Loquat;;
crop;Yerfıstığı;Groundnut;;
crop;Yonca;Alfalfa;;
crop;Yulaf;Oat;;
crop;Biber;Pepper;;
crop;Hıyar;Cucumber;;
crop;Patates;Potato;;
crop;Bağ Şaraplık;Grape Wine;;
crop;Bağ Sofralık;Grape;;
crop;Fındık;Hazelnut;;
crop;Nektarin;Nectarines;;
crop;Çay;Tea;;
crop;Mısır Silajlık;Corn Silage;;
crop;Barbunya;Kidney Bean;;
crop;Böğürtlen;Blackberry;;
crop;Acur;Armenian Cucumber;;
crop;Mısır Danelik;Corn;;
crop;Kuru soğan tohum;Onion Seed;;
crop;Soğan Arpacık;Potato Onions;;
crop;Şalgam;Turnip;;
crop;Şalgam Yemlik;Forage Turnip;;
crop;Fasülye Kuru;Haricot Bean;;
crop;Brüksel Lahanası;Brussels Sprouts;;
crop;Fasülye (2. Ürün);Beans (2.Planting);;
crop;Muz;Banana;;
crop;Turp;Radish;;
crop;Çörek Otu;Black Cumin;;
crop;Şerbetçiotu;Hop;;
crop;Domates Sanayilik;Tomato Paste;;
crop;Domates Sofralık;Tomato;;
crop;Domates;Tomato;;
crop;Tatlı Mısır;Sweet Corn;;
crop;Tohumluk Mısır;Corn Seed;;
crop;Kinoa;Quinoa;;
crop;Pancar Kırmızı;Red Beet;;
crop;Mısır Cin (Patlak);Popcorn;;
crop;Çim;Grass;;
crop;Turşuluk Hıyar;Gherkin;;
crop;Patates Sanayilik;Potato Industry;;
crop;Seçiniz;Choose;;
crop;Ödemiş Mısır;Odemis Corn;;
crop;farm-not-sowing;No Field Planted;;
crop;Adaçayı;Sage;;
crop;Ağaç Kavunu;Citron;;
crop;Ahlat;Wild Pear;;
crop;Ak Üçgül;White Clover;;
crop;Alabalık;Trout;;
crop;Alıç;Hawthorn;;
crop;Altınçilek;Golden Strawberry;;
crop;Anaç manda;Broodstock;;
crop;Arapsaçı;Tangle;;
crop;Arı;Bee;;
crop;Armut Japon;Pear Japanese;;
crop;Arpa (Yeşil Ot);Barley (Green Grass);;
crop;Avokado;Avocado;;
crop;Ayçiçeği Yağlık;Sunflower Oil;;
crop;Bakla (Kuru);Broad Bean;;
crop;Bakla Yemlik;Broad Bean Manger;;
crop;Bektaşi Üzümü;Gooseberry;;
crop;Bergamot;Bergamot;;
crop;Bezelye Yemlik;Pea Manger;;
crop;Biberiye;Rosemary;;
crop;Bol Salat;Plenty of Salat;;
crop;Bombus Arısı;Bumblebee;;
crop;Buğday (Yeşil Ot);Wheat (Green Grass);;
crop;Buzağı;Calf;;
crop;Caramba Mix;Caramba Mix;;
crop;Cennet Elması;Heavenly Apple;;
crop;Ceviz Pikan;Pecan;;
crop;Cibes;Cibe;;
crop;Civanperçemi;Yarrow;;
crop;Çam Fıstığı;Pine Nuts;;
crop;Çavdar (Yeşil Ot);Rye (Green Grass);;
crop;Çayır Üçgülü;Meadow Clover;;
crop;Çemen;Grass;;
crop;Çiğ Süt;Raw Milk;;
crop;Çok Yıllık Çim (Lolium Perenne);Perennial Grass;;
crop;Çöven;Baby's-breath;;
crop;Dağ Çayı;Mountain Tea;;
crop;Damızlık Koç;Breeding Sheep;;
crop;Damızlık Teke;Breeding Goat;;
crop;Damızlık Tosun;Breeding Beef;;
crop;Defne;Bay Laurel Tree / Bay Leaf Tree;;
crop;Domuz Ayrığı;Swine;;
crop;Dulavrat Otu;Burdock;;
crop;Düve;Heifer;;
crop;Ebegümeci;Hibiscus;;
crop;Ejder Meyvesi;Dragon Fruit;;
crop;Ekinezya;Echinacea;;
crop;Endivyen;The Endivy;;
crop;Erik Japon;Plum Japanese;;
crop;Erik Papaz;Plum Pastor;;
crop;Fasülye Maş;Bean Mash;;
crop;Fesleğen;Basil;;
crop;Fiğ Macar;Hungarian Vetch;;
crop;Frambuaz;Raspberry;;
crop;Frenk Maydanozu;Chervil;;
crop;Frenk Üzümü;Red Currant;;
crop;Fresia;Freesia;;
crop;Gazal Boynuzu;Gazal Horn;;
crop;Gelincik;Poppy;;
crop;Gerbera;Gerbera;;
crop;Gilaburu;Gilaburu;;
crop;Glayöl;Gladiolus;;
crop;Gojiberry;Gojiberry;;
crop;Gül;Rose;;
crop;Hindiba;Chicory;;
crop;Hint Keneviri;Cannabis;;
crop;Hünnap;Jujube;;
crop;Hüsnüyusuf;Sweet William;;
crop;Isırgan Otu;Dead Nettle;;
crop;İnek;Cow;;
crop;İris;Iris;;
crop;İskenderiye Üçgülü;Alexandria Triangle;;
crop;İtalyan Çimi;Italian Grass;;
crop;Kabak Bal;Pumpkin Honey;;
crop;Kadife;Velvet;;
crop;Kamışsı Yumak;Cane Yarn;;
crop;Kamkat;Kumquat;;
crop;Kantaron;Centaury;;
crop;Karabuğday;Buckwheat;;
crop;Karanfil;Clove;;
crop;Karayemiş;Black Eaten;;
crop;Kartopu;Snowball;;
crop;Kasımpatı;Chrysanthemum;;
crop;Keçi;Goat;;
crop;Kenevir Lif;Hemp Fiber;;
crop;Keten Lif;Linen Fiber;;
crop;Keten Otu;Flax Grass;;
crop;Kılçıksız Brom;Fishbone Bromine;;
crop;Kızılcık;Cranberry;;
crop;Kişniş;Coriander;;
crop;Kohlraby;Kohlrabi;;
crop;Kop Salat;Kop Salat;;
crop;Koyun;Sheep;;
crop;Krizantem;Chrysanthemum;;
crop;Kudret Narı;Pomegranate Pomegranate;;
crop;Kuş Üzümü;Currants;;
crop;Kuşburnu;Rosehip;;
crop;Kuşkonmaz;Asparagus;;
crop;Kuzukulağı;Sorrel;;
crop;Labada;Labada;;
crop;Lale;Tulip;;
crop;Latin Çiçeği;Latin Flower;;
crop;Lavanta;Lavender;;
crop;Likarpa;Likarp;;
crop;Lilyum;Lilies;;
crop;Limon Grass;Lemongrass;;
crop;Lisanthus;Lisianthus;;
crop;Lolorosso;Lolorosso;;
crop;Lolorosso (Kırmızı);Lolorosso (Red);;
crop;Lolorosso (Yeşil);Lolorosso (Green);;
crop;Malak;Málaga;;
crop;Mango;Mango;;
crop;Mantar;Mushroom;;
crop;Melissa;Melissa;;
crop;Menekşe;Violet;;
crop;Mercanköşk;Marjoram;;
crop;Mısır Silajlık (Kuru);Corn Silage (Dry);;
crop;Mısır Silajlık (Sulu);Corn Silage;;
crop;Midye;Mussel;;
crop;Mizuna;Mizuna;;
crop;Nadas;Fallow;;
crop;Nergiz;Calendula;;
crop;Nerine;Nerina;;
crop;Orkide;Orchid;;
crop;Ortanca;Hydrangea;;
crop;Otlak Ayrığı;Pasture Separation;;
crop;Pancar;Beet;;
crop;Papatya;Daisy;;
crop;Pepino;Pepino;;
crop;Petunya;Petunia;;
crop;Polorosso;Polorosso;;
crop;Radika;Radika;;
crop;Ranunculus (Düğün Çiçeği);Ranunculus (Buttercup);;
crop;Rezene;Fennel;;
crop;Safran;Saffron;;
crop;Salep;Sahlep;;
crop;Sardunya;Sardinia;;
crop;Sığır;Beef;;
crop;Sıkleman Çiçeği;Flower;;
crop;Solidago (Altın Başak);Solidago (Goldenrod);;
crop;Sorgum-Sudanotu Melezi;Sorghum-Sudanese Hybrid;;
crop;Statice;Statica;;
crop;Stevia;Stevie;;
crop;Sudan Otu;Sudanese Weed;;
crop;Sumak;Sumac;;
crop;Sümbül;Hyacinth;;
crop;Şebboy;Gillyflower;;
crop;Şevketibostan;Blessed Thistle;;
crop;Şiniklav;Siniklav;;
crop;Tangelo;Tangelo;;
crop;Tangor;Tango;;
crop;Tarçın;Cinnamon;;
crop;Tarhun;Tarragon;;
crop;Tatsoi;The Tatson;;
crop;Tohum (Kutu);Seed (Box);;
crop;Tritikale (Yeşil Ot);Triticale (Green Herb);;
crop;Turp Beyaz;Radish White;;
crop;Turunç;Bitter Orange;;
crop;Üvez;Rowanberry;;
crop;Yaban Mersini;Blueberries;;
crop;Yaban Orkidesi;Wild Orchid;;
crop;Yapay Çayır-Mera;Artificial Meadow-Pasture;;
crop;Yaş Koza;Age Cocoon;;
crop;Yem Baklası;Feed Pods;;
crop;Yeni Türler;New Species;;
crop;Yerelması;Topinambour;;
crop;Yonca (Kuru);Alfalfa (Dry);;
crop;Yonca (Sulu);Alfalfa (Juicy);;
crop;Yulaf (Yeşil Ot);Oats (Green Herb);;
crop;Zahter;Zahter;;
crop;Zencefil;Ginger;;
crop;Zerdali;Zerdali;;
crop;Zeytinyağı;Olive Oil;;
crop;Sazan;Carp;;
crop;Oğlak;Goat;;
crop;Koç;Ram;;
crop;Teke;Billy;;
crop;Tosun;Bullock;;
crop;Fasülye (Kuru);Dry Beans;;
crop;Lolorosso (Kırmızı Yaprak);Lolorosso (Red-leaved);;
crop;Lolorosso (Yeşil Yaprak);Lolorosso (Green-leaved);;
crop;Pancar Yemlik;Fodder Beet;;
crop;Soğan Kuru (arpacık);Onion (Shallot);;
crop;Stevia (Şeker otu);Stevia;;
crop;İpekböceği;Silkworm;;
crop;Manda;Mandate;;
crop;Ayçiçeği Çerezlik;Sunflower (Appetizers);;
crop;Bakla Kuru;Fève sèche;;
crop;Boğadikeni;Eryngium;;
crop;Kadife Çiçeği;Tagetes;;
crop;Yabani Havuç;Daucus;;
crop;N/A;N/A;;
crop;Alabaş;Alabaster grass;;
crop;Çayır otu;Fescue;;
crop;Hardal otu;Leaf mustard;;
crop;Karabaş otu;Cassidony;;
crop;Karakafes otu;Comfrey;;
crop;Sakız ağacı;Mastic;;
crop;Menengiç;Terebinth;;
crop;Şevketi bostan;Blessed thistle;;
crop;Mahlep;Mahaleb;;
crop;Ihlamur;Linden;;
crop;Turp otu;Wild radish;;
crop;Darı;Panicum;;
crop;Kapari;Cappers;;
crop;Hurma;Persimmon;;
crop;Şeker kamışı;Molasses;;
crop;Frenk Soğanı;Chive;;
crop;Aronya;Chokeberry;;
crop;Hatmi;Epicalyces;;
crop;Kuzu kulağı;Stachys byzantina;;
crop;Kahve;Coffee;;
crop;Keten;Flax;;
crop;Palmiye;Palm;;
crop;Guava;Guava;;
crop;Hindistan cevizi;Coconut;;
crop;Goji Berry;Goji Berry;;
fields;fields-search-placeholder;Search a field name;;
fields;add-field-header;You don't have any fields;;
fields;add-field-description;Click the button below to add a field;;
fields;add-field-button-text;Add new field;;
fields;fields-add;Add Field;;
fields;draw;Draw;;
fields;parcel;Parcel;;
fields;upload;Upload;;
fields;add-description;Select an adding method;;
fields;add-description-2;Description about the method of adding a field and so on so forth;;
fields;parcel-upload-description;Drag and drop or click to upload KML file;;
fields;save-button-text;Get the field;;
fields;owner;Property Owner;;
fields;tenant;Rented;;
fields;new-farm-name;New Farm Name;;
fields;new-farm-description;Add a farm to select a field;;
fields;no-fields;You haven't added any fields yet;;
fields;no-fields-button;Add a field here;;
fields;no-crop-plan;You haven't planned your crops yet.;;
fields;no-crop-plan-button;Add a crop plan here;;
fields;landlord;Owned;;
fields;owner-ship;Field Ownership;;
fields;city;City;;
fields;dictrict;District;;
fields;village;Village;;
fields;block;Block;;
fields;parcel-name-eg;e.g. 100;;
fields;village-name-eg;e.g. Cumhuriyet;;
fields;district-name-eg;e.g. Söke;;
fields;block-name-eg;e.g. 10;;
fields;field-name-eg;e.g. Cotton 01;;
fields;farm-name-eg;e.g. Söke Farm;;
fields;ownership-eg;e.g. Owned;;
fields;city-name-eg;e.g. Aydın;;
fields;block-parcel-wrong;The parcel you searched for could not be found. Please try again.;;
fields;block-parcel-description;You can add your field by entering the parcel information of your region. This feature is only valid in Turkey.;;
fields;field-name;Field Name;;
fields;farm-name;Farm Name;;
fields;add-new-farm;Add new farm;;
fields;enter-details;Enter details;;
fields;draw_0;Set your starting point and click to start drawing.;;
fields;draw_1;Add the other points in clockwise or counterclockwise order. Do not intersect polygon boundaries.;;
fields;draw_2;Continue to draw an area by adding other points.;;
fields;draw_3;And please click the first point again to complete the drawing.;;
fields;error-kml;Couldn’t find the imported field. No worries! Just check your information and try again.;;
fields;easy-assign-fields;Easily assign these fields;;
fields;assing-fields-question;Do you want to assign your [{{campaign}}] fields into a farm?;;
fields;fields-from;Fields from {{name}};;
fields;do-later;I'll do it later;;
fields;assign;Assign;;
fields;assign-fields;Assign Fields;;
fields;unassigned-fields;Unassigned Fields;;
fields;filter-your-fields;Filter your fields;;
fields;services;Services;;
fields;farm-selection;Farm selection;;
fields;season;Season;;
fields;soil-type;Soil Type;;
fields;soil-type-eg;e.g. Clay Loam;;
fields;season-eg;e.g. Summer;;
fields;crop-variety-eg;e.g. Standard;;
fields;irrigation-method-eg;e.g. Center Pivot;;
fields;updated-success-crop-plan;###;;
fields;updated-success-edit-field;updated-success-edit-field;;
fields;edit-field;Edit field;;
crop-plan;empty-header;You haven’t planned your crops yet;;
crop-plan;empty-content;Click the button below to create a crop plan;;
crop-plan;empty-button;Create a plan;;
crop-plan;create-crop-plan;Create a crop plan;;
crop-plan;divide-area;I want to divide my field into plantation areas;;
crop-plan;crop-selection;Crop Selection;;
crop-plan;type;Type;;
crop-plan;variety;Variety;;
crop-plan;plantation-date;Plantation date;;
crop-plan;harvest-period;Harvest period;;
crop-plan;crop-overlap;Your fields overlap. You cannot continue drawing.;;
crop-plan;crop-outside;The plotted field is outside the land boundaries.;;
crop-plan;crop-type-eg;e.g. Corn;;
crop-plan;crop-variety-eg;e.g. Corn Sillage;;
crop-plan;plantation-date-eg;e.g. 15.04.2023;;
crop-plan;harvest-date-eg;e.g. 15.09.2023;;
crop-plan;crop-areas;Plantation areas;;
crop-plan;harvest;Harvest;;
crop-plan;plantation-area-name;Plantation Area Name;;
crop-plan;add-another-crop;Add another crop;;
crop-plan;draw-crop-plan;Here you can choose which area of your field to plant.;;
crop-plan;plantation-area-created;Plantation area created;;
crop-plan;harvest-summary;Harvest summary;;
crop-plan;harvest-history;Harvest History;;
crop-plan;harvested;Harvested;;
crop-plan;harvested-this-area;I have fully harvested this area;;
crop-plan;plantaion-harvest-date;Plantation and Harvest Date;;
crop-plan;save-harvest;Save harvest;;
crop-plan;area-yield-information;Area and yield information;;
crop-plan;harvested-area;Harvested area ({{unit}});;
crop-plan;total-yield;Total yield;;
crop-plan;more-harvested;{{number}} more harvests;;
crop-plan;collapse;Collapse;;
crop-plan;plantation-area;Plantation Area;;
crop-plan;dates;Dates;;
crop-plan;plantation;Plantation;;
crop-plan;season;Season;;
crop-plan;irrigation-method;Irrigation Method;;
crop-plan;soil-type;Soil Type;;
crop-plan;edit-field;Edit field;;
crop-plan;crop-eg;e.g. Corn;;
crop-plan;crop-plan-name-eg;e.g. Corn Sillage;;
crop-plan;about-dividing-header;About dividing into plantation areas;;
crop-plan;about-dividing-description;Utilizing the inherent versatility of a field, it is possible to implement multiple cycles of sowing and harvesting within the same boundaries throughout the growing season;;
crop-plan;more-about-dividing;More about dividing;;
crop-plan;about-dividing-description-long;Utilizing the inherent versatility of a field, it is possible to implement multiple cycles of sowing and harvesting within the same boundaries throughout the growing season. Leveraging this capability, farmers can strategically devise crop plans for distinct sections of their fields and seamlessly execute those plans while maintaining the integrity of the field boundaries.;;
crop-plan;harvest-yield-eg;e.g. 100;;
crop-plan;unit-eg;e.g. kg/ha;;
crop-plan;harvest-area-eg;e.g. 10 ha;;
sticky-trap;sticky-trap-changes;Sticky Trap Changes;;
sticky-trap;enter-date;Enter a date;;
sticky-trap;change-date;Change date;;
sticky-trap;not-available;Not available;;
sticky-trap;add;Add;;
sticky-trap;empty-header;Trap changes not found;;
sticky-trap;empty-content;Tap the button to add a trap change;;
sticky-trap;empty;Empty;;
sticky-trap;moderately-full;Moderately full;;
sticky-trap;half-full;Half full;;
sticky-trap;moderately-empty;Moderately empty;;
sticky-trap;too-full;Too full;;
sticky-trap;full;Full;;
sticky-trap;update-trap;Update Trap;;
sticky-trap;add-desc;Add the date of your trap renewal;;
sticky-trap;date-entered;Date entered;;
sticky-trap;save;Save;;
sticky-trap;change-trap;Change trap date;;
sticky-trap;no-data;Add a date;;
sticky-trap;save-success;Your sticky trap have successfully been added;;
sticky-trap;last-change-date;Last change date;;
sticky-trap;add-change-date;Add a change date;;
sticky-trap;succesfully-added;Sticky trap changes entry logged;;
pheromone-lure;details;Last added lure date;;
pheromone-lure;empty-header;You haven’t added pheromone lure;;
pheromone-lure;empty-content;Click the button below to add pheromone lure;;
pheromone-lure;add-lure;Add pheromone lure;;
pheromone-lure;expiration-date;Expires on;;
pheromone-lure;opened-on;Opened on;;
pheromone-lure;pheromone-status;Pheromone Status;;
pheromone-lure;add-pheromone;Add the info for your pheromone trap;;
pheromone-lure;change-pheromone;Change the info for your pheromone trap;;
pheromone-lure;placement-date;Placement Date;;
pheromone-lure;pheromone-type;Pheromone Type;;
pheromone-lure;pheromone-expiry-date;Pheromone Expiry Date;;
pheromone-lure;add;Add;;
pheromone-lure;bug-list;Pheromone Type List;;
pheromone-lure;save-success;Your pheromone lure data and insect type have successfully been added;;
pheromone-lure;date-warning;The expiry date must be later than the change date. Please edit your change date or expiry date.;;
pheromone-lure;choose-insect-type;Please choose insect type.;;
pheromone-lure;no-data;Add a date;;
pheromone-lure;pheromone-lure;Pheromone lure;;
pheromone-lure;save;Save;;
pheromone-lure;succesfully-added;Pheromone lure entry logged;;
timeline;add-stage;Add a stage;;
timeline;empty-header;You haven’t added a stage yet;;
timeline;empty-content;Click the button below to add a stage.;;
timeline;add-stage-date;Add stage date;;
timeline;add-desc;Date of your stage;;
timeline;stage-type;Stage type;;
timeline;save-success;Your timeline data has successfully been added;;
timeline;stage-name;Stage name;;
timeline;stage-date;Stage date;;
timeline;current-stage;Current Stage;;
timeline;started-on;Started on;;
timeline;timeline;Timeline;;
timeline;save;Save;;
timeline;succesfully-added;Stage entry logged;;
select-farm;select-farm;Select a Farm;;
select-farm;search-field-name;Search a field name;;
select-farm;search-crop-plan-name;Search a plantation area name;;
disease;0;season;;
disease;7;week;;
disease;30;month;;
disease;header;Recommendation;;
disease;disease;Disease;;
disease;irrigation;Irrigation;;
disease;legend;Legend;;
disease;risk-status;Risk Status;;
disease;view-as-graph;View as a graph;;
disease;view-as-table;View as a table;;
disease;days-with-disease;Days with disease;;
disease;high-risk;High risk present. Please spray as soon as possible;;
disease;spraying;Spraying;;
disease;view-past-sprayings;View past sprayings;;
disease;view-sprayings;View sprayings;;
disease;view-irrigations;View irrigations;;
disease;view-suitable-hours;View Suitable Hours;;
disease;add-spraying;Add Spraying;;
disease;add-spraying-date;Add Spraying Date;;
disease;HR;HR;;
disease;LR;LR;;
disease;NR;NR;;
disease;NA;N/A;;
disease;SP;SP;;
disease;algorithm-work;How does our algorithm work?;;
disease;algorithm-work-description;For disease models to work, please add present phenological stages on your home page;;
disease;start-adding-stages;Start adding stages;;
disease;no-disease;Add a stage to view the disease;;
disease;read-more;Read more;;
disease;collapse;Collapse;;
disease;high-risk-alert;High risk alert;;
disease;spray-possible;Please spray as soon as possible;;
disease;no-disease-for-crop-header;Disease model unavailable;;
disease;no-disease-for-crop-content;For this specific crop, there seems to be no models available at the moment. You can, however, view models of other crops.;;
disease;try-different-crop;Try a different crop type;;
disease-legend;unknown;Disease model available but not active.;;
disease-legend;no-risk;No fungus risk has been detected.;;
disease-legend;low-risk;Preliminary conditions achieved no spraying required.;;
disease-legend;high-risk;Disease condition met, spray immediately.;;
disease-legend;spraying;You have sprayed, crop under protection.;;
spraying;suggested-suitable-hours;Suggested suitable hours;;
spraying;view-more-dates;View more dates;;
spraying;add-spraying;Add spraying;;
spraying;last-spraying-date;Last spraying date;;
spraying;spraying-date;Spraying date;;
spraying;chemical-type;Chemical type;;
spraying;empty-header;You haven't added spraying date yet;;
spraying;empty-content;Click the button below to add spraying date;;
spraying;add-spraying-date;Add spraying date;;
spraying;chemical-type-choice;Chemical type of your choice;;
spraying;suitable-hours;Suitable hours;;
spraying;morning;Morning;;
spraying;afternoon;Afternoon;;
spraying;evening;Evening;;
spraying;night;Night;;
spraying;suitable;Suitable;;
spraying;risky;Risky;;
spraying;today;Today;;
spraying;tomorrow;Tomorrow;;
spraying;history;History;;
spraying;succesfully-added;Spraying entry logged;;
irrigation;irrigation;Irrigation;;
irrigation;sensor-based;Sensor-based;;
irrigation;irrigation-program;Satellite-based;;
irrigation;irrigation-status;Irrigation Status;;
irrigation;irrigation-needed;Irrigation needed;;
irrigation;amount-eg;e.g. 100;;
irrigation;unit-eg;e.g. mm;;
irrigation;type-eg;e.g. Center Pivot;;
irrigation;fertilizer-eg;e.g. Solid Fertilizers;;
irrigation;spraying-eg;e.g. Fungicide;;
irrigation;no-need;No irrigation needed at this time.;;
irrigation;cm;cm;;
irrigation;current-soil-moisture;CURRENT SOIL MOISTURE;;
irrigation;minimum-soil-moisture;Min. soil moisture;;
irrigation;wet;WET;;
irrigation;dry;DRY;;
irrigation;expected-precipitation;Expected Precipitation;;
irrigation;mm;mm;;
irrigation;add-irrigation;Add Irrigation;;
irrigation;add-irrigation-information;Add Irrigation information;;
irrigation;irrigation-amount;Planned average dose;;
irrigation;irrigation-method;Irrigation method;;
irrigation;fertilizer;Fertilizer;;
irrigation;spraying;Spraying;;
irrigation;irrigation-starts-on;Start date;;
irrigation;irrigation-ends-on;Irrigation ends on;;
irrigation;end-date;End date;;
irrigation;irrigation-date;Irrigation date;;
irrigation;24-hour;for 24 hours;;
irrigation;required;Required Field;;
irrigation;empty-header;Sensored-based device not found;;
irrigation;empty-content;Add a sensor-based device to optimize irrigation activity.;;
irrigation;enter-date;Enter a date;;
irrigation;not-equal-dates;Sowing date must be different from harvest date.;;
irrigation;error;An error has been encountered.;;
irrigation;view-all-irrigation;View all irrigations;;
irrigation;add-device;Add a device;;
irrigation;irrigation-list-empty-header;Irrigation information not found;;
irrigation;irrigation-list-empty-content;Log your irrigation activity to improve water management.;;
irrigation;last-irrigation-date;Last irrigation date;;
irrigation;irrigation-list;Your Irrigation Activity;;
irrigation;edit-irrigation;Edit irrigation activity;;
irrigation;coming-soon-header;Coming Soon!;;
irrigation;coming-soon-content;We continue to work to improve the Irrigation Schedule. You may access detailed data through Orbit.;;
irrigation;succesfully-added;Irrigation entry logged;;
weather;last-weather-report;Last weather report;;
weather;precipitation;Precipitation;;
weather;humidity;Humidity;;
weather;wind;Wind;;
weather;wind-direction;Wind Direction;;
weather;suitable-tractor-use;Suitable for tractor use;;
weather;view;View hourly forecast;;
weather;unavailable-tractor-use;Not Suitable For Tractor Use;;
weather;collapse-hourly;Collapse hourly forecast;;
wind-direction;0;Directions;;
wind-direction;1;South;;
wind-direction;2;South West;;
wind-direction;3;West;;
wind-direction;4;North West;;
wind-direction;5;North;;
wind-direction;6;North East;;
wind-direction;7;East;;
wind-direction;8;South East;;
wind-direction;1_s;S;;
wind-direction;2_s;SW;;
wind-direction;3_s;W;;
wind-direction;4_s;NW;;
wind-direction;5_s;N;;
wind-direction;6_s;NE;;
wind-direction;7_s;E;;
wind-direction;8_s;SE;;
rainviewer;Hafif Kar;Light snow;;
rainviewer;Orta Kar;Moderate snow;;
rainviewer;Yoğun Kar;Heavy snow;;
rainviewer;Parçalı Bulutlu;Partly cloudy;;
rainviewer;Bulutlu;Cloudy;;
rainviewer;Çok Bulutlu;Overcast;;
rainviewer;Çisenti (olası);Drizzle (probably);;
rainviewer;Çisenti;Drizzle;;
rainviewer;Hafif Yağmur;Light rain;;
rainviewer;Yağmur;Rain;;
rainviewer;Sağanak Yağış;Heavy rain;;
rainviewer;Fırtına;Storm;;
rainviewer;Dolu;Hail;;
soil-analysis;empty-header;Soil analyses not found;;
soil-analysis;empty-content;Add a soil analysis to recieve a customized fertilization reccomendation.;;
soil-analysis;empty-button;Add a new analysis;;
soil-analysis;analyses;Soil Reports;;
soil-analysis;soil-type;Soil type;;
soil-analysis;date;Date;;
soil-analysis;organic-matter;Organic Matter;;
soil-analysis;nitrogen;Nitrogen;;
soil-analysis;potassium;Potassium;;
soil-analysis;phosphorus;Phosphorus;;
soil-analysis;pH;pH;;
soil-analysis;delete-analysis;Delete analysis;;
soil-analysis;add-new-analysis;Add a new analysis;;
soil-analysis;Alternative-1;Alternative 1;;
soil-analysis;Alternative-2;Alternative 2;;
soil-analysis;Alternative-3;Alternative 3;;
soil-analysis;Alternative-4;Alternative 4;;
soil-analysis;Alternative-5;Alternative 5;;
soil-analysis;input-soil-data;Input Soil Data;;
soil-analysis;have-sample-number;If you have the sample number:;;
soil-analysis;eg;e.g 2142958;;
soil-analysis;enter-data-manually;Enter data manually;;
soil-analysis;yield-estimation;Yield estimation;;
soil-analysis;delete-analysis-text;Are you sure want to delete this soil analysis?;;
soil-analysis;succesfully-added;Soil Analysis entry logged;;
support;empty-content;Our expert team will answer your questions within 12 hours during working hours on weekdays;;
support;empty-button;Start conversation;;
support;support;Ask the expert;;
support;chat-with;Chat with;;
support;open;open;;
support;closed;closed;;
support;leave-chat;Leave chat;;
support;closed-text;The chat has been closed, because the issue was resolved.;;
support;new-message;New message;;
crop-health;analysis;Analysis;;
crop-health;notes;Notes;;
crop-health;vra;VRA Maps;;
notes;empty-header;You don't have any notes;;
notes;empty-content;Start taking Notes to keep track of what's going on in your field. Add notes on the map and follow up on problem areas.;;
notes;empty-button;Add new note;;
notes;scouting-notes;Scouting notes;;
notes;add-explain;Click anywhere within the field boundaries to add a note on your field.;;
notes;note-details;Note details;;
notes;title;Title;;
notes;problem;Problem;;
notes;tag;Tag;;
notes;description;Description;;
notes;add-photos;Add photos;;
notes;flag-date;Flag date;;
notes;save-question-expert;Save and send as question to Experts;;
notes;succesfully-added;Note saved;;
notes;succesfully-added-expert;Note saved and sent to an agronomist;;
notes;upload-photo;You can upload up-to [#] files, such as photo.;;
notes;placeholder-title;e.g. Disease Risk;;
notes;placeholder-problem;e.g. Disease;;
notes;placeholder-tag;e.g. Fungus;;
notes;placeholder-description;Write your description here.;;
notes;placeholder-flag-date;e.g. 01.08.2023;;
notes;add-borders;You must add the note within the field borders;;
notes;delete-note-text;Are you sure want to delete this scouting note?;;
notes;upload-files;Upload files...;;
notes;delete-photo-text;Are you sure want to delete this photo?;;
vra;empty-header;You haven't created any VRA maps yet;;
vra;empty-content;Create a new VRA map to start;;
vra;empty-button;Create a VRA Map;;
vra;coming-soon-header;Coming Soon;;
vra;coming-soon-content;We continue to work to improve the VRA. You can reach detailed data from Orbit.;;
analysis;health-map-vegetation-zones;Health Map Vegetation Zones;;
analysis;high;High;;
analysis;normal;Normal;;
analysis;very-low;Very low;;
analysis;low;Low;;
analysis;none;None;;
analysis;about-ndvi-analysis;About NDVI analysis;;
analysis;short-ndv-text;On this page, you can see the plant density distribution on the health map for your field. On top of the image, you will see the average NDVI value indicating the plant density of your field. This value ranges from 0 to 1, approaching 1 as your plants develop and 0 towards harvest.;;
analysis;empty-header;Satellite images are not available;;
analysis;empty-content;Talk to our sales team to access up-to-date satellite imagery.;;
analysis;empty-button;Talk to sales;;
analysis;viewing-your-field-health;Viewing your field health;;
analysis;get-in-touch;You don’t have any satellite images. Get in touch with our team for help.;;
analysis;contact-us;Contact us;;
analysis;remind-me-later;Remind me later;;
analysis;lowest;Lowest;;
analysis;highest;Highest;;
analysis;cloud;Cloud;;
analysis;contact-satellite-imagery;Our team will reach out to you in approximately 12 hours about your interest in satellite imagery;;
analysis;health-map-information;Health Map information;;
analysis;health-map-text;"The Health map indicates a trend in the field based on the average NDVI value. Rather than associating a set meaning to colors, you must analyze the map according to the deviations from the average values and colors with the growth stages of crops. Any variation from the prominent color must be inspected.

From Sprouting to Budding: At this stage, crops are growing and getting greener, but this doesn't necessarily equate to a green health map. For example, green areas might indicate weed growth if the prominent color is yellow. Dark green might mean that some spots are growing faster, requiring a soil analysis to understand which elements are lacking in the other parts of the field.

From Flowering to Harvest: Usually, at this stage, crops change colors due to flowering, fruiting, and ripening. For example, if the prominent color is yellow, green areas might indicate a developmental problem where the flowers are not blooming.";;
analysis;green;Green;;
analysis;brown;Brown;;
analysis;yellow;Yellow;;
analysis;healthy-matured-crops;Healthy and matured crops;;
analysis;soil;Soil;;
analysis;growing-crops;Growing crops;;
analysis;cloud-water-indicators;Cloud and Water indicators;;
analysis;grey;Grey;;
analysis;atmospheric-obstacles;Regions with no date due to the atmospheric obstacles such as cloud, cloud shadow and haze.;;
analysis;blue;Blue;;
analysis;regions-density;Regions with high water density.;;
analysis;for-field-natural;For a field with a natural growth rate, the changes in the colors of the map follow a bell curve, climbing up to dark green until flowering and turning down to browner hues towards harvest.;;
analysis;observing-inconsistent;If you are <b style='font-weight:700 !important'>observing inconsistent colors</b> with the expected phenological behavior of the plant, it indicates that there may be <b style='font-weight:700'>agricultural problems</b> in that region, during these dates.;;
analysis;health-map;Health Map;;
analysis;analyze-page-health-map-1;High;;
analysis;analyze-page-health-map-2;Normal;;
analysis;analyze-page-health-map-3;Low;;
analysis;analyze-page-health-map-4;Very Low;;
analysis;analyze-page-health-map-5;None;;
analysis;more-about-health-map;More about health map;;
analysis;2-ndvi;2. Ndvi date;;
analysis;1-ndvi;1. Ndvi date;;
analysis;InspectionMap;Inspection Map;;
analysis;NdviMap;Health Map;;
analysis;TrueColorMap;Natural Image;;
analysis;SoilMoistureMap;Moisture Map;;
unit-pref;ha;ha;;
unit-pref;ton;ton;;
unit-pref;l;l;;
unit-pref;kg;kg;;
profile;profile;Profile;;
profile;users;Users;;
profile;devices;Devices;;
profile;integrations;Integrations;;
profile;name-surname;Name and Surname;;
profile;title;Title;;
profile;edit-profile;Edit profile;;
profile;e-mail;E-mail;;
profile;phone-number;Phone number;;
profile;change-your-password;Change your password;;
profile;current-password-description;Please enter your current password so that we can make sure you are the one who changed the password.;;
profile;current-password;Current Password;;
profile;new-password;New Password;;
profile;confirm-new-password;Confirm New Password;;
profile;manage-users;Manage users;;
profile;search-user;Search for a user...;;
profile;search-device;Search for a device...;;
profile;user-list;Users list;;
profile;user-list-description;FieldFlow authorizations can be tracked and edited from the list below.;;
profile;name;Name;;
profile;level;Level;;
profile;showing;Showing {{current}} of {{total}};;
profile;role;Role;;
profile;number;Number;;
profile;actions;Actions;;
profile;add-user;Add user;;
profile;edit-user;Edit user;;
profile;change-photo;Change photo;;
profile;remove-photo;Remove photo;;
profile;change-password;Change password;;
profile;phone-number-not-update;Phone number cannot be updated;;
profile;name-surname-eg;e.g. John Doe;;
profile;email;E-mail;;
profile;email-eg;e.g. johndoe@gmail.com;;
profile;title-eg;###;;
profile;phone-number-eg;e.g. +90 555 444 33 22;;
profile;succesfully-change-password;succesfully-change-password;;
profile;current-password-eg;###;;
profile;new-password-eg;###;;
profile;confirm-new-password-eg;###;;
profile;admin;Admin;;
profile;user;User;;
profile;about-admin;About Admin;;
profile;delete-user-text;Are you sure you want to delete this user?;;
profile;admin-desc;“Admin is the user with all privileges and can add another user to the system. The User can only see the screens for which he/she is authorized.“;;
profile;user-authorizations;User authorizations;;
profile;password;Password;;
profile;password-eg;###;;
profile;user-added;User added successfully;;
profile;user-updated;User updated successfully;;
filter-field;soilAnalysis;Soil Analysis Device;;
filter-field;filiz;Sensors;;
filter-field;trap;Pest&Disease;;
filter-field;satellite;Crop Health;;
filter-field;season-eg;e.g. Summer;;
filter-field;farm;Farm;;
filter-field;crop;Crop;;
filter-field;crop-variety;Crop Variety;;
filter-field;season;Season;;
filter-field;services;Services;;
filter-field;farm-selection-eg;###;;
devices;devices;Devices;;
devices;manage-device;Manage your device connections and permissions;;
devices;device-type;Device type;;
devices;status;Status;;
devices;assign-fields;Assign fields;;
devices;id;ID;;
devices;actions;Actions;;
devices;on;ON;;
devices;off;OFF;;
devices;filiz;Filiz;;
devices;filiz-pro;Filiz Pro;;
devices;trap;PestTrap;;
devices;device-location;Device Location;;
devices;edit-details;Edit details;;
devices;MSISDN;MSISDN;;
devices;IMEI;IMEI;;
devices;IMSI;IMSI;;
devices;ICCID;ICCID;;
devices;pest-species;Pest Species;;
devices;last-sticky-trap-change;Last sticky trap change;;
devices;resolution;Resolution;;
devices;trap-photo-capture-time;Trap Photo Capture Time:;;
devices;network-priority;Network Priority;;
devices;last-pheromone-lure-change;Last pheromone lure change;;
devices;pest-species-eg;###;;
devices;last-sticky-trap-change-eg;###;;
devices;resolution-eg;###;;
devices;trap-photo-capture-time-eg;###;;
devices;network-priority-eg;###;;
devices;last-pheromone-lure-change-eg;###;;
devices;sensor-id;Sensor ID;;
devices;sensor-selection;Sensor Selection;;
devices;last-update;Last Update;;
devices;cpu-temperature;CPU Temperature;;
devices;battery-status;Battery Status;;
devices;sensor-selection-eg;###;;
devices;active-in;Active in;;
devices;passive-in;Passive in;;
devices;save-trap-device-opt-W;Image frequency;;
devices;save-trap-device-opt-P;Network;;
devices;save-trap-device-opt-R;Resolution;;
devices;save-trap-change;save-trap-change;;
devices;save-filiz-sensor;Saved Filiz sensor;;
devices;SC1;Set to 15 cm;;
devices;SC3;Set to 30 cm;;
devices;SC5;Set to 45 cm;;
devices;SC7;Set to 60 cm;;
devices;all-devices;All devices;;
integrations;integrations;Integrations;;
integrations;api-connections;Manage your API connections and permissions;;
integrations;orbit;Orbit;;
integrations;desc-orbit;Field Scout for Farming;;
integrations;desc-agrirouter;Send directions, maps and more to your equipment on the field;;
integrations;desc-iotrack;Manage your devices and data from the fields in your FieldFlow;;
integrations;connect;Connect;;
integrations;connected;Connected;;
integrations;agrirouter;Agrirouter;;
integrations;iotrack;IoTrack;;
integrations;have-to-choose-both;“You have to change Pest Species and Last Pheromone Lure Change together.“ ⚠️;;
integrations;have-to-choose-both-pest;“You have to change Last Pheromone Lure Change and Pest Species together.“ ⚠️;;
authority;dashboard;Dashboard;;
authority;fields;Fields;;
authority;services;Services;;
authority;reports;Reports;;
authority;settings;Settings;;
authority;support;Support;;
authority;dashboard-home;Dashboard;;
authority;fields-home;Fields;;
authority;crop-health;Crop Health;;
authority;agroclimate;Agroclimate;;
authority;pest-disease-warnings;Pest & Disease Warnings;;
authority;irrigation;Irrigation;;
authority;soil-analysis;Soil Analysis;;
authority;graphs;Graphs;;
authority;reports-home;Reports;;
authority;settings-home;Settings;;
authority;support-home;Support;;